Name,GP,MIN,PTS,FG_PC,THREEP_Made,THREEP_PC,FTM,FT_PC,REB,AST,STL,BLK,TOV,TARGET_5Yrs
Brandon Ingram,36,27.4,7.4,34.7,0.5,25,1.6,69.9,4.1,1.9,0.4,0.4,1.3,0
Andrew Harrison,35,26.9,7.2,29.6,0.7,23.5,2.6,76.5,2.4,3.7,1.1,0.5,1.6,0
JaKarr Sampson,74,15.3,5.2,42.2,0.4,24.4,0.9,67,2.2,1,0.5,0.3,1,0
Malik Sealy,58,11.6,5.7,42.6,0.1,22.6,0.9,68.9,1.9,0.8,0.6,0.1,1,1
Matt Geiger,48,11.5,4.5,52.4,0,0,1.3,67.4,2.5,0.3,0.3,0.4,0.8,1
Tony Bennett,75,11.4,3.7,42.3,0.3,32.5,0.4,73.2,0.8,1.8,0.4,0,0.7,0
Don MacLean,62,10.9,6.6,43.5,0,50,1.5,81.1,2,0.6,0.2,0.1,0.7,1
Tracy Murray,48,10.3,5.7,41.5,0.4,30,0.7,87.5,1.7,0.2,0.2,0.1,0.7,1
Duane Cooper,65,9.9,2.4,39.2,0.1,23.3,0.4,71.4,0.8,2.3,0.3,0,1.1,0
Dave Johnson,42,8.5,3.7,38.3,0.1,21.4,1,67.8,1.1,0.3,0.2,0,0.7,0
Corey Williams,35,6.9,2.3,36.5,0,33.3,0.5,81.8,0.9,0.7,0.1,0.1,0.3,0
Sam Mack,40,6.7,3.6,39.8,0.1,13.6,1.1,77.6,1.2,0.4,0.3,0.1,0.6,1
Lorenzo Williams,27,6.6,1.3,47.2,0,0,0.1,28.6,2,0.2,0.2,0.6,0.3,1
P.J. Hairston,45,15.3,5.6,32.3,1.1,30.1,0.7,86.1,2,0.5,0.5,0.3,0.5,0
Elmore Spencer,44,6.4,2.4,53.7,0,0,0.4,50,1.4,0.2,0.2,0.4,0.6,1
John Crotty,40,6.1,2.6,51.4,0.1,14.3,0.7,68.4,0.4,1.4,0.3,0,0.8,1
Stephen Howard,49,5.3,2.1,37.6,0,0,0.7,64.2,1.2,0.2,0.3,0.2,0.5,0
Randy Woods,41,4.2,1.7,34.8,0.1,21.4,0.5,73.1,0.3,1,0.3,0,0.4,0
Larry Johnson,82,37.2,19.2,49,0.1,22.7,4.1,82.9,11,3.6,1,0.6,1.9,0
Larry Johnson,82,37.2,19.2,49,0.1,22.7,4.1,82.9,11,3.6,1,0.6,1.9,1
Billy Owens,80,31.4,14.3,52.5,0,11.1,2.6,65.4,8,2.4,1.1,0.8,2.2,1
Stacey Augmon,82,30.5,13.3,48.9,0,16.7,2.6,66.6,5.1,2.5,1.5,0.3,2.2,1
Mark Macon,76,30.3,10.6,37.5,0.1,13.3,1.8,73,2.9,2.2,2,0.2,2,1
Steven Smith,61,29.6,12,45.4,0.7,32,1.6,74.8,3.1,4.6,1,0.3,2.5,0
Mitch McGary,32,15.2,6.3,53.3,0,0,0.8,62.5,5.2,0.4,0.5,0.5,1,0
Larry Stewart,76,29.3,10.4,51.4,0,0,2.5,80.7,5.9,1.6,0.7,0.6,1.5,1
Mike Iuzzolino,52,24.6,9.3,45.1,1.1,43.4,2.1,83.6,1.9,3.7,0.6,0,1.8,0
Doug Smith,76,22.5,8.8,41.5,0,0,1.2,73.6,5.1,1.7,0.8,0.5,1.3,1
Paul Graham,78,22,10.1,44.7,0.7,39,1.6,74.1,3,2.2,1.2,0.3,1.2,0
Donald Hodge,51,20.7,8.4,49.7,0,0,2,66.7,5.4,0.8,0.5,0.5,1.5,1
Dale Davis,64,20.3,6.2,55.2,0,0,1.4,57.2,6.4,0.5,0.4,1.2,0.8,1
Stanley Roberts,55,20.3,10.4,52.9,0,0,1.8,51.5,6.1,0.7,0.4,1.5,1.4,1
Terrell Brandon,82,19.6,7.4,41.9,0,4.3,1.2,80.6,2,3.9,1,0.3,1.7,1
Bison Dele,48,18.9,9.1,52.8,0,0,2,66.9,5.7,0.7,0.8,1.1,1.8,1
Spencer Dinwiddie,34,13.4,4.3,30.2,0.4,18.5,0.9,91.2,1.4,3.1,0.6,0.2,1,0
Tracy Moore,42,18.6,8.5,40,0.7,35.7,1.5,83.3,2,1.1,0.8,0.1,1.1,1
Greg Anthony,82,18.4,5.5,37,0.1,14.5,1.4,74.1,1.7,3.8,0.7,0.1,1.2,1
Kenny Anderson,64,17,7,39,0,23.1,1.1,74.5,2,3.2,1.1,0.1,1.5,1
Victor Alexander,80,16.9,7.4,52.9,0,0,1.3,69.1,4.2,0.4,0.6,0.8,1.1,1
David Benoit,77,15.1,5.6,46.7,0,21.4,1.1,81,3.8,0.4,0.3,0.6,0.9,1
Kevin Lynch,55,14.9,4.1,41.7,0.1,37.5,0.6,76.1,1.5,1.5,0.7,0.2,0.8,0
LaBradford Smith,48,14.8,5.1,40.7,0,9.5,0.9,80.4,1.7,2.1,0.9,0,1.3,0
Chris Corchiani,51,14.5,5,39.9,0.2,27,1.8,87.5,1.5,2.8,0.9,0,1.4,0
Travis Wear,51,13.2,3.9,40.2,0.2,36.7,0.4,76.9,2.1,0.8,0.3,0.2,0.7,0
Robert Pack,72,12.4,4.6,42.3,0,0,1.4,80.3,1.3,1.9,0.6,0.1,1.3,1
Pete Chilcutt,69,11.8,3.6,45.2,0,100,0.3,82.1,2.7,0.6,0.5,0.3,0.6,1
Chris Gatling,54,11.3,5.7,56.8,0,0,1.3,66.1,3.4,0.3,0.6,0.7,0.8,1
Tharon Mayes,24,10.6,4.1,30.3,0.6,36.6,1,66.7,0.7,1.5,0.7,0.1,1.3,0
Eric Murdock,50,9.6,4.1,41.5,0.1,19.2,0.9,75.4,1.1,1.8,0.6,0.1,1,1
Randy Brown,56,9.6,3.4,45.6,0,0,0.7,65.5,1.2,1.1,0.6,0.2,0.8,1
Greg Sutton,67,9,3.7,38.8,0.4,29.2,0.5,75.6,0.7,1.4,0.4,0.1,1,0
Elliot Perry,50,8.7,2.5,38,0,14.3,0.5,65.9,0.8,1.6,0.7,0.1,1,1
Marty Conlon,45,8.5,2.7,47.5,0,0,0.5,75,1.5,0.3,0.2,0.2,0.6,1
Rodney Monroe,38,8.2,3.4,36.8,0.2,22.2,0.5,82.6,0.9,0.7,0.3,0.1,0.6,0
John Turner,42,8.2,2.8,43.9,0,0,0.7,52.5,1.9,0.3,0.1,0.1,0.8,0
Mark Randall,54,8.2,3.2,45.6,0.1,18.8,0.6,74.4,1.3,0.6,0.2,0.1,0.5,0
Sean Green,35,7.3,4,39.2,0.1,20,0.4,53.6,1.2,0.6,0.4,0.2,0.8,0
Kevin Brooks,37,7.3,2.8,44.3,0.1,18.2,0.5,81,1.1,0.3,0.2,0.1,0.5,0
Doug Lee,46,6.7,2.6,43.1,0.2,27,0.2,52.6,0.8,0.5,0.2,0,0.3,0
Corey Crowder,51,6.4,2.2,38.4,0.3,43.3,0.3,83.3,0.8,0.3,0.1,0,0.3,0
Rich King,40,5.3,2.2,38,0,0,0.9,75.6,1.2,0.3,0.1,0.1,0.5,0
Stephen Thompson,19,4.8,1.6,37.8,0,0,0.2,37.5,1,0.4,0.3,0.2,0.3,0
Charles Thomas,36,4.3,1.3,35.3,0.1,11.8,0.3,66.7,0.6,0.6,0.1,0,0.5,0
Lionel Simmons,79,37.7,18,42.2,0,27.3,4.1,73.6,8.8,4,1.4,1.1,2.9,1
Gary Harris,55,13.1,3.4,30.4,0.4,20.4,0.6,74.5,1.2,0.5,0.7,0.1,0.7,0
Derrick Coleman,74,35.2,18.4,46.7,0.2,34.2,4.4,73.1,10.3,2.2,1,1.3,2.9,1
Travis Mays,64,33.5,14.3,40.6,1.1,36.5,4,77,2.8,4,1.3,0.2,2.5,0
Dennis Scott,82,28.5,15.7,42.5,1.5,37.4,1.9,75,2.9,1.6,0.8,0.3,1.6,1
Gary Payton*,82,27.4,7.2,45,0,7.7,0.8,71.1,3,6.4,2,0.2,2.2,1
Felton Spencer,81,25.9,7.1,51.2,0,0,2.2,72.2,7.9,0.3,0.6,1.5,0.9,1
Willie Burton,76,25.4,12,44.1,0.1,13.3,3,78.2,3.4,1.4,0.9,0.3,1.9,1
Dee Brown,82,23.7,8.7,46.4,0.1,20.6,1.7,87.3,2.2,4.2,1,0.2,1.7,0
Dee Brown,82,23.7,8.7,46.4,0.1,20.6,1.7,87.3,2.2,4.2,1,0.2,1.7,1
Dee Brown,49,9.2,1.9,32.7,0.1,21.4,0.5,64.9,0.8,1.7,0.5,0.1,0.6,0
Dee Brown,49,9.2,1.9,32.7,0.1,21.4,0.5,64.9,0.8,1.7,0.5,0.1,0.6,1
Kendall Gill,82,23.7,11,45,0,14.3,1.9,83.5,3.2,3.7,1.3,0.5,2,1
Duane Causwell,76,22.6,6.9,50.8,0,0,1.4,63.6,5.1,0.9,0.6,1.9,1.3,1
Mahmoud Abdul-Rauf,67,22.5,14.1,41.3,0.4,24,1.3,85.7,1.8,3.1,0.8,0.1,1.6,1
A.J. English,70,20.6,8.8,43.9,0,9.7,1.6,70.7,2.1,2.5,0.4,0.2,1.6,0
Danny Ferry,81,20.5,8.6,42.8,0.3,29.9,1.5,81.6,3.5,1.8,0.5,0.3,1.5,1
Mario Elie,33,19.5,7.2,49.7,0.1,40,2.3,84.3,3.3,1.4,0.6,0.3,0.9,1
Anthony Cook,58,19.3,5.3,41.7,0,0,1.2,55,5.6,0.4,0.6,1.2,0.9,0
Gerald Paddio,70,16.9,7.2,41.9,0.1,25,1.1,79.6,1.7,1.3,0.3,0.1,1,0
Bimbo Coles,82,16.5,4.9,41.2,0.1,17.6,0.9,74.7,1.9,2.8,0.8,0.1,1.2,1
Bo Kimble,62,16.2,6.9,38,0.3,29.2,1.5,77.3,1.9,1.2,0.5,0.1,1.2,0
Alec Kessler,78,16.1,6.2,42.5,0,0,1.1,67.2,4.3,0.4,0.2,0.3,1.4,0
Loy Vaught,73,16.1,5.5,48.7,0,0,0.7,66.2,4.8,0.5,0.3,0.3,0.7,1
Tyrone Hill,74,16.1,5.3,49.2,0,0,1.3,63.2,5.2,0.3,0.5,0.4,1,1
Marcus Liberty,76,15.4,6.7,42.1,0.2,29.8,0.8,63,2.9,0.8,0.6,0.3,0.9,0
Terry Mills,55,14.9,5.7,46.5,0,0,0.9,71.2,4.2,0.6,0.6,0.5,0.8,1
Jamal Robinson,47,14.3,5.6,44.6,0,18.2,1,58.8,1.5,2.8,0.7,0.2,1.6,0
Henry James,37,13.6,8.1,44.1,0.6,40,1.4,72.2,2.1,0.9,0.4,0.1,1,1
Jerrod Mustaf,62,13.3,4.3,46.5,0,0,0.9,64.4,2.7,0.6,0.2,0.2,1,0
Kevin Pritchard,62,12.5,3.9,38.4,0.1,16.1,1,80.5,1,1.3,0.5,0.1,0.9,0
Gerald Glass,51,11.9,6.9,43.8,0,11.8,1,68.4,2,0.8,0.6,0.2,0.8,0
Larry Robinson,36,11.8,3.9,41.3,0,0,0.4,55.6,1.4,1,0.4,0,0.8,1
Jud Buechler,74,11.6,3.1,41.6,0,25,0.6,65.2,1.9,0.7,0.5,0.2,0.3,1
Cedric Ceballos,63,11.6,8.2,48.7,0,16.7,1.7,66.3,2.4,0.6,0.3,0.1,1.1,1
Kyle Anderson,33,10.8,2.2,34.8,0.1,27.3,0.3,64.3,2.2,0.8,0.5,0.2,0.3,0
Greg Foster,54,11.2,4.4,46,0,0,0.8,68.9,2.8,0.7,0.2,0.4,0.8,1
Brian Oliver,73,11,3.8,40.8,0.1,27.8,0.7,73.2,1.1,1.2,0.5,0.1,0.7,0
Howard Wright,15,10.9,3.6,40.4,0,0,1.1,66.7,3,0.2,0.3,0.3,0.7,0
Tony Smith,64,10.9,3.7,44.1,0,0,0.6,70.2,1.1,2.1,0.4,0.2,1.1,1
Tate George,56,10.6,3.4,41.5,0,0,0.6,80,0.8,1.9,0.5,0.1,0.8,0
Rick Calloway,64,10.6,3.2,39.1,0,0,0.9,69.6,1.2,1,0.3,0.1,0.8,0
Steve Henson,68,10.1,3.1,41.8,0.3,33.3,0.6,90.5,0.8,1.9,0.5,0,0.6,1
Andy Toolson,47,10,2.9,40.3,0.3,37.5,0.5,75.8,1.4,0.7,0.3,0,0.5,0
Jayson Williams,52,9.8,3.5,44.7,0,50,0.7,66.1,2.1,0.3,0.2,0.1,0.8,1
Kennard Winchester,64,9.5,3.7,40,0.1,40,0.5,77.8,1,0.4,0.3,0.2,0.5,0
Johnny O'Bryant,34,10.8,2.9,36.7,0,0,0.4,44.4,1.9,0.5,0.1,0.1,0.7,0
Dwayne Schintzius,42,9.5,3.8,43.9,0,0,0.5,55,2.9,0.4,0.1,0.7,0.8,1
Sean Higgins,50,9.3,4.5,45.8,0.1,15.8,0.6,84.8,1.3,0.7,0.2,0,1,1
Elden Campbell,52,7.3,2.8,45.5,0,0,0.6,65.3,1.8,0.2,0.2,0.7,0.3,1
Kenny Williams,75,7,2.9,52,0,0,0.5,68,1.7,0.4,0.1,0.4,0.6,0
Keith Askins,39,6.8,2.2,42,0.2,24,0.3,48,1.7,0.5,0.4,0.3,0.3,1
Scott Williams,51,6.6,2.5,51,0,50,0.4,71.4,1.9,0.3,0.2,0.3,0.5,1
Richard Coffey,52,6.2,1.3,37.3,0,0,0.2,54.5,1.5,0.1,0.1,0.1,0.1,0
Steve Scheffler,39,5.8,1.5,51.3,0,0,0.5,90.5,1.2,0.2,0.1,0.1,0.1,1
David Robinson*,82,36.6,24.3,53.1,0,0,7.5,73.2,12,2,1.7,3.9,3.1,1
James Young,31,10.7,3.4,35.3,0.5,25.8,0.5,55.2,1.4,0.4,0.3,0.1,0.2,0
Tim Hardaway,79,33.7,14.7,47.1,0.3,27.4,2.7,76.4,3.9,8.7,2.1,0.1,3.3,0
Tim Hardaway,79,33.7,14.7,47.1,0.3,27.4,2.7,76.4,3.9,8.7,2.1,0.1,3.3,1
J.R. Reid,82,33.6,11.1,44,0,0,2.3,66.4,8.4,1.2,1.1,0.7,2.1,1
Pooh Richardson,82,31.5,11.4,46.1,0.3,27.7,0.8,58.9,2.6,6.8,1.6,0.3,1.7,1
Sherman Douglas,81,30.5,14.3,49.4,0.1,16.1,2.8,68.7,2.5,7.6,1.8,0.1,3,1
Sam Mitchell,80,30.2,12.7,44.6,0,0,3.4,76.8,5.8,1.1,0.8,0.7,1.2,1
Glen Rice,77,30,13.6,43.9,0.2,24.6,1.2,73.4,4.6,1.8,0.9,0.3,1.5,1
Glen Rice,77,30,13.6,43.9,0.2,24.6,1.2,73.4,4.6,1.8,0.9,0.3,1.5,0
Mookie Blaylock,50,25.3,10.1,37.1,0.4,22.5,1.3,77.8,2.8,4.2,1.6,0.3,2.2,1
Sean Elliott,81,25.1,10,48.1,0,11.1,2.3,86.6,3.7,1.9,0.6,0.2,1.4,1
Blue Edwards,82,23,8.9,50.7,0.1,30,1.8,71.9,3.1,1.8,0.9,0.4,1.9,1
Cory Jefferson,50,10.6,3.7,44.9,0,13.3,0.6,57.4,2.9,0.3,0.2,0.4,0.4,0
Nick Anderson,81,22,11.5,49.4,0,5.9,2.3,70.5,3.9,1.5,0.8,0.4,1.7,1
Stacey King,82,21.7,8.9,50.4,0,0,2.4,72.7,4.7,1.1,0.5,0.7,1.4,1
Dana Barros,81,20.1,9.7,40.5,1.2,39.9,1.1,80.9,1.6,2.5,0.7,0,1.5,1
Jeff Martin,69,19.6,6.3,41.1,0,13.3,1.3,70.5,2.3,0.6,0.6,0.2,0.7,0
Clifford Robinson,82,19.1,9.1,39.7,0.1,27.3,1.7,55,3.8,0.9,0.7,0.7,1.6,1
Winston Bennett,55,18,6.1,47.9,0,0,1.2,66.7,3.4,1,0.4,0.2,1.1,0
Chucky Brown,75,17.9,7.3,47,0,0,1.7,76.2,3.1,0.7,0.4,0.3,0.9,1
Michael Ansley,72,17,8.7,49.7,0,0,2.3,72.2,5,0.6,0.3,0.2,0.7,0
Todd Lichti,79,16.8,8,48.6,0,0,1.6,74.7,1.9,1.5,0.7,0.2,1.2,1
Noah Vonleh,25,10.4,3.3,39.5,0.2,38.5,0.7,69.2,3.4,0.2,0.2,0.4,0.4,0
B.J. Armstrong,81,15.9,5.6,48.5,0,50,0.9,88.5,1.3,2.5,0.6,0.1,1,1
Terry Davis,63,14,4.7,46.6,0,0,0.9,62.1,3.6,0.4,0.4,0.4,1.1,1
Shawn Kemp,81,13.8,6.5,47.9,0,16.7,1.4,73.6,4.3,0.3,0.6,0.9,1.3,1
Tom Hammonds,61,13.2,5.3,43.7,0,0,1,64.3,2.8,0.8,0.2,0.2,0.8,1
Scott Haffner,43,13,4.6,40.6,0.1,14.3,0.4,68,1.2,1.9,0.3,0.1,0.8,0
Randy White,55,12.9,4.3,36.9,0,7.1,0.9,56.2,3.1,0.4,0.4,0.1,0.8,1
Kenny Battle,59,12.4,4.1,54.7,0,25,0.9,67.1,2.1,0.6,0.6,0.2,0.5,0
Donald Royal,66,11.3,5.9,45.9,0,0,2.3,77.7,2.1,0.7,0.5,0.1,1.2,1
Michael Carter-Williams,70,34.5,16.7,40.5,0.8,26.4,3.7,70.3,6.2,6.3,1.9,0.6,3.5,0
Delaney Rudd,77,11,3.5,42.9,0.2,28.6,0.5,66,0.7,2.3,0.3,0,1.1,0
John Morton,37,10.9,3.9,29.8,0.2,23.3,1.2,69.4,0.9,1.8,0.5,0.1,1.4,0
Greg Grant,67,10.1,3.1,38.4,0,18.8,0.6,66.1,0.9,2.5,0.5,0,1.1,1
Doug Roth,42,9.8,1.9,43,0,0,0.2,50,2.9,0.5,0.2,0.3,0.4,0
Byron Irvin,50,9.8,5.2,47.3,0.1,35.7,1.2,67,1.5,0.9,0.6,0,0.8,0
Michael Smith,65,9.5,5,47.6,0,7.1,0.8,82.8,1.5,1.2,0.1,0,0.8,0
Michael Smith,65,9.5,5,47.6,0,7.1,0.8,82.8,1.5,1.2,0.1,0,0.8,1
Michael Smith,82,21.2,6.9,54.2,0,0,1.5,48.5,5.9,0.8,0.7,0.6,1.3,0
Michael Smith,82,21.2,6.9,54.2,0,0,1.5,48.5,5.9,0.8,0.7,0.6,1.3,1
George McCloud,44,9.4,2.7,31.3,0.3,32.5,0.3,78.9,1,1,0.4,0.1,0.8,1
Henry Turner,36,8.8,4.3,47.5,0,0,1.1,61.5,1.4,0.6,0.5,0.2,0.7,0
Charles Smith,60,8.7,2.9,44.4,0,0,0.9,69.7,1.2,1.7,0.6,0.1,0.6,1
Charles Smith,60,8.7,2.9,44.4,0,0,0.9,69.7,1.2,1.7,0.6,0.1,0.6,1
Charles Smith,60,8.7,2.9,44.4,0,0,0.9,69.7,1.2,1.7,0.6,0.1,0.6,0
Charles Smith,71,30.4,16.3,49.5,0,0,4,72.5,6.5,1.5,1,1.3,2.1,1
Charles Smith,71,30.4,16.3,49.5,0,0,4,72.5,6.5,1.5,1,1.3,2.1,1
Charles Smith,71,30.4,16.3,49.5,0,0,4,72.5,6.5,1.5,1,1.3,2.1,0
Charles Smith,34,8.6,3.5,39.2,0.4,31.9,0.2,54.5,0.8,0.6,0.3,0.2,0.8,1
Charles Smith,34,8.6,3.5,39.2,0.4,31.9,0.2,54.5,0.8,0.6,0.3,0.2,0.8,1
Charles Smith,34,8.6,3.5,39.2,0.4,31.9,0.2,54.5,0.8,0.6,0.3,0.2,0.8,0
Ed Horton,45,8.3,4.5,49.4,0,0,0.9,60.9,2.4,0.4,0.2,0.1,0.9,0
Trey Burke,70,32.3,12.8,38,1.6,33,1.5,90.3,3,5.7,0.6,0.1,1.9,0
Frank Kornet,57,7.7,2,36.8,0.1,25,0.4,61.5,1.2,0.4,0.3,0.1,0.4,0
Doug West,52,7.3,2.6,39.3,0.1,27.3,0.5,81.3,1.3,0.3,0.2,0.1,0.6,1
Adrian Caldwell,51,6.5,1.9,55.3,0,0,0.3,46.4,2.1,0.1,0.2,0.3,0.6,1
Kenny Payne,35,6.2,3.3,43.5,0.1,40,0.5,88.9,0.7,0.3,0.2,0.2,0.6,0
Eric Johnson,48,5.7,1.1,23.8,0,16.7,0.3,76.5,0.6,1.3,0.3,0,0.5,0
Mike Williams,21,4.9,0.7,33.3,0,0,0.1,50,1.1,0.1,0.1,0.3,0.1,0
Mike Morrison,36,4.3,2,33.8,0.1,28.6,0.7,80,0.6,0.3,0.1,0,0.6,0
Nate Johnston,21,4.1,2.2,37.5,0,25,0.4,69.2,1.1,0,0.1,0.4,0.3,0
Mitch Richmond*,79,34.4,22,46.8,0.4,36.7,5.2,81,5.9,4.2,1,0.2,3.4,1
Willie Anderson,81,33.8,18.6,49.8,0,19,2.8,77.5,5.1,4.6,1.9,0.8,3.2,1
Victor Oladipo,80,31.1,13.8,41.9,0.9,32.7,3.1,78,4.1,4.1,1.6,0.5,3.2,0
Hersey Hawkins,79,32.6,15.1,45.5,0.9,42.8,3.1,83.1,2.8,3,1.5,0.5,2,1
Kevin Edwards,79,29.7,13.8,42.5,0.1,27,1.8,74.6,3.3,4.4,1.8,0.3,3.1,1
Grant Long,82,29.7,11.9,48.6,0,0,3.7,74.9,6.7,1.8,1.5,0.6,2.5,1
Rex Chapman,75,29.6,16.9,41.4,0.8,31.4,2.1,79.5,2.5,2.3,0.9,0.3,1.5,1
Brian Shaw,82,28.1,8.6,43.3,0,0,1.3,82.6,4.6,5.8,0.9,0.3,2.3,1
Chris Morris,76,27.6,14.1,45.7,0.8,36.6,2.4,71.7,5.2,1.6,1.3,0.8,2.5,1
Gary Grant,71,27.1,11.9,43.5,0.1,22.7,1.7,73.5,3.4,7.1,2,0.1,3.6,1
Vernon Maxwell,79,26.1,11.7,43.2,0.4,24.8,2.3,74.5,2.6,3.8,1.1,0.1,2.3,1
Ben McLemore,82,26.7,8.8,37.6,1.2,32,1.4,80.4,2.9,1,0.6,0.2,1.2,0
Dan Majerle,54,25.1,8.6,41.9,0.5,32.9,1.4,61.4,3.9,2.4,1.2,0.3,0.9,1
Sylvester Gray,55,22.2,8,42,0,25,1.9,67.3,5.2,2.1,0.7,0.5,1.9,0
Ricky Berry,64,22,11,45,1,40.6,2,78.9,3.1,1.3,0.6,0.3,1.3,0
Tom Garrick,71,21.1,6.4,49,0,0,1.4,80.3,2.2,3.4,1.1,0.1,1.6,0
Michael Anderson,36,20.3,5.7,41.7,0,14.3,1.6,69.5,2.5,4.3,1.2,0.1,2.3,0
Michael Anderson,65,18.5,7.4,50.1,0,0,1.5,57.1,4.5,1,1,0.3,1.2,0
Vinny Del Negro,80,19.5,7.1,47.5,0.1,30,1.1,85,2.1,2.6,0.8,0.2,1,1
Kelvin Upshaw,32,19.3,6.8,46.7,0.1,20,0.6,69.2,1.5,3.7,0.8,0.1,1.7,0
Derrick Chievous,81,19,9.3,43.7,0.1,20.8,2.4,78.3,3.2,1,0.6,0.1,1.7,0
Ledell Eackles,80,18.2,11.5,43.4,0.1,22.5,3.4,78.6,2.3,1.5,0.5,0.1,1.6,1
Harvey Grant,71,16.8,5.6,46.4,0,0,0.5,59.6,2.3,1.1,0.5,0.4,0.4,1
Rod Strickland,81,16.8,8.9,46.7,0.2,32.2,2.1,74.5,2,3.9,1.2,0,1.8,1
Scott Brooks,82,16.7,5.2,42,0.7,35.9,0.7,88.4,1.1,3.7,0.8,0,0.8,1
Todd Mitchell,24,14.7,5.1,44.3,0,0,1.5,57.8,2.1,0.9,0.7,0.1,1.4,0
John Shasky,65,14.5,5.5,48.8,0,0,1.8,68.9,3.6,0.3,0.2,0.2,0.7,0
Mark Bryant,56,14.3,5,48.6,0,0,0.7,58,3.2,0.6,0.4,0.1,0.7,1
Mark Bryant,36,7,1.6,43.1,0,0,0.3,69.2,1.9,0.2,0.1,0.1,0.3,1
Shelton Jones,51,13.4,4.8,44.5,0,0,1.1,72.5,2.2,0.8,0.4,0.3,0.9,0
Eric Leckner,75,10.4,4.3,54.5,0,0,1.1,69.9,2.7,0.2,0.1,0.3,0.9,1
Jerome Lane,54,10.2,4.8,42.6,0,0,0.8,38.4,3.7,1.1,0.4,0.1,0.9,1
Tim Perry,62,9.9,4.1,53.7,0,25,0.6,61.5,2.1,0.3,0.3,0.5,0.6,1
Jim Les,82,9.5,1.7,30.1,0,7.1,0.7,78.1,1.1,2.6,0.3,0.1,1.1,1
Craig Neal,53,9.4,2.2,36.6,0.2,29.4,0.3,60.9,0.5,2.2,0.5,0.1,1,0
David Rivers,47,9.4,2.9,40.2,0,16.7,0.7,83.3,0.9,2.3,0.5,0.2,1.3,0
John Starks,36,8.8,4.1,40.8,0.3,38.5,0.9,65.4,1.1,0.8,0.6,0.1,1.1,1
Andrew Lang,62,8.5,2.6,51.3,0,0,0.6,65,2.4,0.1,0.3,0.8,0.5,1
Bill Jones,37,8.3,3.5,49,0,0,0.8,67.4,1.3,0.5,0.5,0.2,0.5,0
Charles Shackleford,60,8.1,3.1,49.4,0,0,0.4,50,2.6,0.4,0.3,0.3,0.5,1
Morlon Wiley,51,8,2.2,40.4,0.1,25,0.3,81.3,0.9,1.5,0.5,0.1,0.7,1
Randolph Keys,42,7.9,4,43,0,10,0.5,69,1.3,0.5,0.3,0.1,0.5,1
Mark Davis,33,7.8,3.8,48,0,10,0.8,82.4,1.1,0.4,0.4,0.1,0.4,1
Mark Davis,33,7.8,3.8,48,0,10,0.8,82.4,1.1,0.4,0.4,0.1,0.4,0
Mark Davis,57,10,3.3,36.9,0.1,30.8,1.3,63.8,2.2,0.8,0.7,0.4,1.2,1
Mark Davis,57,10,3.3,36.9,0.1,30.8,1.3,63.8,2.2,0.8,0.7,0.4,1.2,0
Troy Williams,24,17.4,5.3,41.8,0.4,24.4,0.6,60,1.8,0.8,1,0.4,1.1,0
Hollis Thompson,77,22.6,6,46,0.9,40.1,0.7,71.2,3.2,0.9,0.7,0.2,0.8,0
Ron Grandison,72,7.3,2.5,41.5,0,0,0.8,73.8,1.3,0.6,0.3,0,0.5,0
Micheal Williams,49,7.3,2.6,36.4,0,22.2,0.6,66,0.6,1.4,0.3,0.1,0.9,1
Anthony Frederick,46,6.8,3.3,50.4,0,40,0.5,70.6,1.1,0.4,0.3,0.1,0.7,0
Avery Johnson,43,6.8,1.6,34.9,0,11.1,0.2,56.3,0.6,1.7,0.5,0.1,0.4,1
Everette Stephens,35,6,1.9,31.9,0.1,20,0.5,77.3,0.7,1.1,0.3,0.1,0.8,0
Jack Haley,51,5.7,2.2,47.4,0,0,0.7,78.3,1.4,0.2,0.2,0,0.5,1
Duane Ferrell,41,5.6,2.4,42.2,0,0,0.7,68.2,1,0.2,0.2,0.1,0.3,1
Mark Jackson,82,39.6,13.6,43.2,0.4,25.4,2.5,77.4,4.8,10.6,2.5,0.1,3.1,1
Kenny Smith,61,35.6,13.8,47.7,0.2,30.8,2.7,81.9,2.3,7.1,1.5,0.1,3,1
Nate Wolters,58,22.6,7.2,43.7,0.3,29,1,65.6,2.6,3.2,0.6,0.3,1,0
Armen Gilliam,55,32.9,14.8,47.5,0,0,2.4,67.9,7.9,1.3,1.1,0.5,2.2,1
Winston Garland,67,31.7,12.4,43.9,0.2,33.3,2.1,87.9,3.4,6.4,1.7,0.1,2.5,1
Joe Wolf,42,27.1,7.6,40.7,0.1,20,1.1,83.3,4.5,2.3,0.9,0.4,1.8,1
Reggie Williams,35,24.5,10.4,35.6,0.4,22.4,1.4,72.7,3.4,1.7,0.8,0.6,1.8,1
Reggie Williams,35,24.5,10.4,35.6,0.4,22.4,1.4,72.7,3.4,1.7,0.8,0.6,1.8,1
Greg Anderson,82,24.2,11.7,50.1,0,20,2.4,60.4,6.3,1,0.7,1.5,1.7,1
Kevin Johnson,80,24,9.2,46.1,0.1,20.8,2.2,83.9,2.4,5.5,1.3,0.3,1.8,1
Horace Grant,81,22.6,7.7,50.1,0,0,1.4,62.6,5.5,1.1,0.6,0.7,1.1,1
Reggie Miller*,82,22.4,10,48.8,0.7,35.5,1.8,80.1,2.3,1.6,0.7,0.2,1.2,1
Dennis Hopson,61,22.4,9.6,40.4,0.2,26.7,2.1,74,2.3,1.9,0.9,0.4,1.9,1
Ken Norman,66,21.7,8.6,48.2,0,0,1.3,51.2,4,1.2,0.7,0.5,1.6,1
Ryan Kelly,59,22.2,8,42.3,0.8,33.8,1.9,81.5,3.7,1.6,0.5,0.8,0.8,0
Scottie Pippen*,79,20.9,7.9,46.3,0.1,17.4,1.3,57.6,3.8,2.1,1.1,0.7,1.7,1
Derrick McKey,82,20.8,8.5,49.1,0.1,36.7,2.1,77.2,4,1.3,0.8,0.8,1.3,1
Muggsy Bogues,79,20.6,5,39,0,18.8,0.7,78.4,1.7,5.1,1.6,0,1.3,1
Tellis Frank,78,20.5,8.1,42.8,0,0,1.9,72.5,4.2,1.4,0.7,0.3,1.4,1
Ricky Wilson,24,17.5,5.2,39.1,0.4,38.5,1.2,72.5,1.1,2.9,1,0.1,1,0
Dave Hoppen,39,16.5,5.7,45.9,0,0,1.4,87.1,4.5,0.8,0.3,0.1,0.9,1
Dallas Comegys,75,15,5.6,43,0,0,1.4,70.7,2.9,0.9,0.5,0.9,1.6,0
Mark Acres,79,14.6,3.6,53.2,0,0,0.9,64,3.4,0.5,0.4,0.3,0.7,1
Michael Jackson,58,13.1,2.7,37.4,0.1,24,0.4,71.9,1,3.1,0.3,0.1,1,0
Tony White,49,11.9,5.3,44.6,0,0,0.8,72.2,0.6,1.2,0.4,0,1,0
Brad Lohaus,70,10.3,4.2,49.6,0,23.1,0.7,80.6,2,0.7,0.3,0.6,0.8,1
Milt Wagner,40,9.5,3.8,42.2,0.1,20,0.7,89.7,0.7,1.5,0.1,0.1,0.6,0
Chris Dudley,55,9.3,3.1,47.4,0,0,0.7,56.3,2.6,0.4,0.2,0.3,0.6,1
Clinton Wheeler,59,8.7,2.5,47,0,0,0.4,73.5,0.7,1.7,0.6,0,0.9,0
Billy Donovan,44,8.3,2.4,40.4,0,0,0.4,81,0.6,2,0.4,0,0.9,0
Reggie Lewis,49,8.3,4.5,46.6,0,0,0.8,70.2,1.3,0.5,0.3,0.3,0.6,1
Martin Nessley,44,7.6,1.1,38.5,0,0,0.2,44.4,1.9,0.4,0.2,0.3,0.5,0
John Stroeder,41,6.6,1.9,36.7,0,0,0.5,66.7,1.7,0.5,0.1,0.3,0.6,0
Bart Kofoed,36,6.3,1.3,37.5,0.1,28.6,0.2,61.5,0.4,0.6,0.2,0,0.5,1
Ray McCallum,45,19.9,6.2,37.7,0.5,37.3,0.7,74.4,1.8,2.7,0.5,0.2,0.9,0
Ralph Lewis,50,6.2,1.7,31,0,0,0.6,60.4,1,0.3,0.3,0.1,0.4,0
Ron Harper,82,37.4,22.9,45.5,0.2,21.3,4.7,68.4,4.8,4.8,2.5,1,4.2,1
Chuck Person,82,36,18.8,46.8,0.6,35.5,2.7,74.7,8.3,3.6,1.1,0.2,2.6,1
Hot Rod Williams,80,33.9,14.6,48.5,0,0,3.7,74.5,7.9,1.9,0.7,2.1,1.7,1
Brad Daugherty,80,33.7,15.7,53.8,0,0,3.5,69.6,8.1,3.8,0.6,0.8,3.1,1
Nate McMillan,71,27.8,5.3,47.5,0,0,1.2,61.7,4.7,8.2,1.8,0.6,2.2,1
Kenny Walker,68,25.3,10.4,49.1,0,0,2.1,75.7,5,1.1,0.7,0.7,1.1,1
Walter Berry,63,25.2,15.9,53.1,0,0,3,64.9,4.9,1.7,0.6,0.6,2.4,0
John Williams,78,22.7,9.2,45.4,0.1,22.2,1.8,64.6,4.7,2.4,1.6,0.4,1.6,1
Kentavious Caldwell-Pope,80,19.8,5.9,39.6,0.7,31.9,0.6,77,2,0.7,0.9,0.1,0.3,0
Brad Sellers,80,21.9,8.5,45.5,0,20,1.6,72.8,4.7,1.3,0.6,0.8,1.1,1
David Wingate,77,20.9,8.8,43,0.2,25,1.9,74.1,2,2,1.2,0.3,1.7,1
Johnny Dawkins,81,20.8,10.3,43.7,0.2,29.8,1.9,80.1,2.1,3.6,0.8,0,1.5,1
William Bedford,50,19.6,6.7,39.7,0,0,1,58.1,4.9,1.1,0.4,0.7,1.7,1
Jeff Hornacek,80,19.5,5.3,45.4,0.2,27.9,1.2,77.7,2.3,4.5,0.9,0.1,1.9,1
Roy Tarpley,75,18.7,7.5,46.7,0,33.3,1.3,67.6,7.1,0.7,0.8,1.1,1.4,1
Mark Price,67,18.2,6.9,40.8,0.3,32.9,1.4,83.3,1.7,3,0.6,0.1,1.6,1
John Salley,82,17.8,5.3,56.2,0,0,1.3,61.4,3.6,0.7,0.5,1.5,0.9,1
Mark Alarie,64,17.3,7.9,49,0,22.2,1,66.3,3.3,1.2,0.3,0.4,0.9,1
Ben Coleman,68,15.1,6.6,58.1,0,0,1.3,72.7,4.2,0.5,0.5,0.5,1.4,1
Dennis Rodman*,77,15,6.5,54.5,0,0,1,58.7,4.3,0.7,0.5,0.6,1.2,1
Larry Krystkowiak,68,14.8,6.6,45.6,0,8.3,1.6,74.3,3.5,1.3,0.3,0.2,1,1
Kenny Gattison,77,14.3,5.2,47.6,0,0,1.4,63.2,3.5,0.5,0.3,0.4,1.1,1
Tim Kempton,66,14.2,4.4,47.1,0,0,1.4,69.3,2.9,0.8,0.6,0.2,0.7,1
Harold Pressley,67,13.6,4.6,42.3,0.1,25,0.5,72.9,2.6,1.8,0.6,0.3,0.9,0
Kevin Duckworth,65,13.5,5.4,47.6,0,0,1.4,68.7,3.4,0.4,0.3,0.3,1.2,1
Anthony Jones,65,13.2,5,41.3,0.1,35,0.8,76.9,1.6,1.1,0.7,0.3,0.8,0
Mike Brown,62,13.2,4.2,52.7,0,0,0.7,63.9,3.5,0.4,0.3,0.1,0.9,1
Grant Gondrezick,64,13.1,5.5,45,0.1,23.5,1.2,70.1,1.7,1.3,0.4,0.1,0.9,0
Billy Thompson,59,12.9,5.6,54.4,0,0,0.8,64.9,2.9,1,0.3,0.5,1,1
Mason Plumlee,70,18.2,7.4,65.9,0,0,1.7,62.6,4.4,0.9,0.7,0.8,1.1,0
Rafael Addison,62,11.5,5.8,44.1,0.3,32,0.8,79.7,1.7,0.7,0.4,0.1,0.9,1
Chris Washburn,35,11,3.8,39.3,0,0,0.5,35.3,2.9,0.5,0.2,0.2,1.1,0
Keith Smith,42,11,3.3,38,0.1,33.3,0.5,75,0.8,1,0.6,0.1,0.7,0
Johnny Newman,59,10.7,5,41.1,0,4.5,1.1,86.8,1.2,0.5,0.3,0.1,0.8,1
Johnny Rogers,45,10.4,4.2,48.6,0,0,0.2,60,1.7,0.6,0.2,0.2,0.4,0
Dell Curry,67,9.5,4.9,42.6,0.3,28.3,0.4,78.9,1.2,0.9,0.4,0.1,0.7,1
Buck Johnson,60,8.7,3.8,46.8,0,0,0.7,69,1.5,0.7,0.3,0.3,0.6,1
Clinton Smith,41,8.3,3.1,42.7,0,0,0.7,75,1.4,1.1,0.3,0,0.6,0
Dave Feitl,62,8,3.7,43.6,0,0,0.9,74.6,1.9,0.4,0.1,0.1,0.6,1
Bob Martin,43,6.7,3.4,37.8,0.1,20,1,63.6,1,0.8,0.3,0.1,0.8,0
Bob Martin,53,10.1,2.1,45.5,0,0,0.6,60.8,2.2,0.3,0.1,0.6,0.6,0
Conner Henry,54,6,2.3,33.8,0.2,31,0.3,63,0.6,0.6,0.2,0,0.5,0
Patrick Ewing,50,35.4,20,47.4,0,0,4.5,73.9,9,2,1.1,2.1,3.4,0
Xavier McDaniel,82,33,17.1,49,0,20,3,68.7,8,2.4,1.2,0.5,3,1
Karl Malone*,81,30.6,14.9,49.6,0,0,2.4,48.1,8.9,2.9,1.3,0.5,3.4,1
Wayman Tisdale,81,28.1,14.7,51.5,0,0,2,68.4,7.2,1,0.4,0.5,2.3,1
Benoit Benjamin,79,26.4,11.1,49,0,33.3,2.9,74.6,7.6,1,0.8,2.6,1.8,1
Chris Mullin*,55,25.3,14,46.3,0.1,18.5,3.4,89.6,2.1,1.9,1.3,0.4,1.4,1
Gerald Wilkins,81,25,12.5,46.8,0.1,28,1.6,55.7,2.6,2,0.8,0.1,1.9,1
Joe Dumars*,82,23.9,9.4,48.1,0.1,31.3,2.3,79.8,1.5,4.8,0.8,0.1,1.9,1
Cody Zeller,82,17.3,6,42.6,0,0,1.8,73,4.3,1.1,0.5,0.5,1.1,0
Charles Oakley,77,23,9.6,51.9,0,0,2.3,66.2,8.6,1.7,0.9,0.4,2.3,1
Jon Koncak,82,20.7,8.3,50.7,0,0,1.9,60.7,5.7,0.7,0.5,0.8,1.4,1
Keith Lee,58,20.6,7.4,46.6,0,22.2,1.3,78.1,6.1,1.2,0.5,0.6,1.3,0
Ed Pinckney,80,20,8.5,55.8,0,0,2.1,67.3,3.9,1.1,0.9,0.5,1.9,1
A.C. Green,82,18.8,6.4,53.9,0,16.7,1.2,61.1,4.6,0.7,0.6,0.6,1.2,1
Bob Thornton,71,18.6,4.7,45.6,0,0,1.2,53.1,4.1,0.6,0.4,0.1,1.2,1
Terry Catledge,64,17.1,7.7,46.9,0,0,1.4,64.7,4.3,0.3,0.5,0.1,1.1,1
Spud Webb,79,15.6,7.8,48.3,0,18.2,2.7,78.5,1.6,4.3,1,0.1,2,1
Terry Porter,79,15.4,7.1,47.4,0.2,31,1.6,80.6,1.5,2.5,1,0,1.3,1
Marquese Chriss,34,17.1,7,42.7,0.6,31,1,59.6,3.3,0.5,0.5,0.5,1.2,0
Nick Calathes,71,16.5,4.9,45.7,0.3,31.1,0.6,61.1,1.9,2.9,0.9,0.1,1.4,0
Carey Scurry,78,15,4.7,47.2,0,9.1,1,61.9,3.1,1.1,1,0.8,1.2,0
Dirk Minniefield,76,14.9,5.5,48.1,0.1,27,1,78.5,1.7,3.5,0.9,0,1.4,0
Joe Kleine,80,14.8,5.2,46.5,0,0,1.2,72.3,4.7,0.6,0.3,0.4,1.3,1
Alfredrick Hughes,68,12.7,5.2,40.9,0,17.6,0.7,58.3,1.7,0.9,0.4,0.1,0.9,0
Ken Johnson,64,12.7,4.1,52.8,0,,0.6,43.5,3.8,0.3,0.2,0.3,0.9,0
Ken Johnson,64,12.7,4.1,52.8,0,,0.6,43.5,3.8,0.3,0.2,0.3,0.9,0
Pete Williams,53,10.8,2.8,60.4,0,,0.3,42.5,2.8,0.3,0.4,0.4,0.4,0
Bill Martin,66,10.5,5,48,0,0,0.7,85.2,1.5,0.8,0.3,0.1,0.9,0
Tony Snell,77,16,4.5,38.4,0.7,32,0.4,75.6,1.6,0.9,0.4,0.2,0.6,0
Fred Cofield,45,10.4,3.7,40.8,0.1,20,0.3,60,1,1.8,0.4,0.1,1.1,0
Dwayne McClain,45,10.2,3.5,38.3,0,11.1,0.4,51.4,0.7,1.5,0.8,0.1,0.9,0
John Battle,64,10,4.3,45.5,0,0,1.2,72.8,1,1.2,0.4,0.1,0.7,1
Jerry Reynolds,55,9.2,3.7,44.4,0,50,1.1,55.8,1.5,1.6,0.8,0.3,0.9,1
Steve Harris,57,8.5,4.5,44.2,0,20,0.9,92.6,1,0.9,0.4,0.1,0.6,1
Lorenzo Charles,36,7.6,3.4,55.7,0,0,0.7,66.7,1.1,0.2,0.1,0.2,0.5,0
Sam Vincent,57,7.6,3.2,36.4,0,25,1.1,92.9,0.8,1.2,0.3,0.1,0.9,1
Blair Rasmussen,48,6.9,3.2,40.7,0,0,0.6,79.5,2,0.3,0.1,0.2,0.8,1
Phil Pressey,75,15.1,2.8,30.8,0.4,26.4,0.4,64.4,1.4,3.2,0.9,0.1,1.2,0
Michael Jordan*,82,38.3,28.2,51.5,0.1,17.3,7.7,84.5,6.5,5.9,2.4,0.8,3.5,1
Vern Fleming,80,31.1,14.1,47,0,0,3.3,76.7,4,3.1,1.2,0.1,2.5,1
Sam Bowie,76,29.2,10,53.7,0,0,2.1,71.1,8.6,2.8,0.7,2.7,2.3,1
Charles Barkley*,82,28.6,14,54.5,0,16.7,3.6,73.3,8.6,1.9,1.2,1,2.5,1
Sam Perkins,82,28.3,11,47.1,0.1,25,2.4,82,7.4,1.6,0.8,0.8,1.2,1
Jay Humphries,80,25.8,8.8,44.6,0.1,20,1.8,82.9,2.1,4.4,1.3,0.1,2.1,1
Melvin Turpin,79,24.7,10.6,51.1,0,,1.4,78.4,5.7,0.5,0.5,1.1,1.5,1
Otis Thorpe,82,23.4,12.8,60,0,0,2.8,62,6.8,1.4,0.4,0.5,2.3,1
Kevin Willis,82,21.8,9.3,46.7,0,22.2,1.5,65.7,6.4,0.4,0.4,0.6,1.3,1
Michael Cage,75,21.5,7.1,54.3,0,0,1.3,73.7,5.2,0.7,0.6,0.4,1.1,1
Alvin Robertson,79,21.3,9.2,49.8,0.1,36.4,1.6,73.4,3.4,3.5,1.6,0.3,2.1,1
Tim McCormick,78,20.3,9.3,55.7,0,0,2.4,71.5,5.1,1,0.2,0.4,1.5,1
Charles Jones,78,20.1,8.4,52,0,0,2.3,64.8,5.1,1.6,0.6,0.8,1.8,1
Charles Jones,78,20.1,8.4,52,0,0,2.3,64.8,5.1,1.6,0.6,0.8,1.8,0
Charles Jones,78,20.1,8.4,52,0,0,2.3,64.8,5.1,1.6,0.6,0.8,1.8,0
Charles Jones,29,16.4,3.7,31.7,0.7,31.1,0.4,50,1.4,1.4,0.6,0.2,1,1
Charles Jones,29,16.4,3.7,31.7,0.7,31.1,0.4,50,1.4,1.4,0.6,0.2,1,0
Charles Jones,29,16.4,3.7,31.7,0.7,31.1,0.4,50,1.4,1.4,0.6,0.2,1,0
Jeff Turner,72,19.8,5.8,45.4,0,0,1.1,85.9,3,1.5,0.4,0.1,1.3,1
Tony Brown,82,19.3,6.6,46,0,0,1.4,67.8,3.5,1.9,0.7,0.1,1.4,1
Antoine Carr,62,19.3,8,52.8,0,33.3,1.6,78.9,3.7,1.3,0.5,1.3,1.7,1
Steve Colter,78,18.7,7.1,45.3,0.3,35.1,1.3,75.4,1.9,3.1,1,0.1,1.4,1
Ken Bannister,75,18.7,6.8,47,0,0,1.2,47.4,4.4,0.5,0.5,0.5,1.9,1
John Stockton*,82,18.2,5.6,47.1,0,18.2,1.7,73.6,1.3,5.1,1.3,0.1,1.8,1
Terence Stansbury,74,17.3,7.1,45.9,0.1,16,1.4,81,1.5,1.7,0.6,0.2,1.1,0
Othell Wilson,74,17,4.4,46,0,18.8,0.7,71.1,1.8,2.9,1,0.2,1.3,0
Eddie Lee Wilkins,54,17,5.5,49.8,0,0,1.2,54.1,4.9,0.3,0.4,0.3,1.2,1
Chuck Aleksinas,74,15.1,5.1,47.8,0,0,0.7,73.3,3.6,0.5,0.2,0.2,1,0
Ron Anderson,36,14.4,5.8,43.1,0,50,1.1,82,2.4,0.9,0.3,0.2,0.9,1
Frank Brickowski,78,14.3,4.9,49.2,0,0,1.1,66.9,3.3,1.3,0.4,0.2,1.3,1
Ozell Jones,67,13.3,3.7,58.9,0,0,0.5,39.8,3.6,0.8,0.5,0.8,0.9,0
Devin Durrant,59,12.8,5.1,41.6,0,0,1.2,70.6,2.1,1.4,0.3,0.2,1.3,0
Jerome Kersey,77,12.4,6.1,47.8,0,0,1.5,64.6,2.7,0.8,0.6,0.4,0.9,1
Ron Cavenall,53,12.3,1.5,32.6,0,0,0.4,56.4,3.1,0.4,0.2,0.8,0.8,0
Jim Petersen,60,11.9,3.2,48.6,0,,0.8,75.8,2.5,0.5,0.2,0.5,1.2,1
Tony Campbell,56,11.2,5.6,49.6,0,0,1,80,1.6,0.4,0.5,0.1,1.2,1
Lancaster Gordon,63,10.8,4.1,38.3,0,22.2,0.6,75.5,1,1.4,0.5,0.1,1.1,0
Gary Plummer,66,10.6,3.8,39.7,0,25,1,70.7,2,0.4,0.2,0.2,0.8,0
Kenny Fields,51,10.5,3.8,44,0,0,0.5,75,1.6,0.7,0.2,0.2,0.6,0
Cory Blackwell,60,9.2,3.4,36.7,0,0,0.5,50.9,1.6,0.4,0.4,0.1,0.7,0
Bernard Thompson,59,9.1,3.3,37.3,0,0,0.7,76.5,1.3,0.9,0.5,0.2,0.6,1
Peter Thibeaux,51,9,4.5,48.2,0,0,0.8,64.2,1.4,0.3,0.2,0.3,0.7,0
Steve Burtt,47,8.9,4.2,38.3,0,0,1.1,68.8,0.6,0.4,0.5,0.1,0.7,0
Leon Wood,38,7.1,3.2,37.3,0.1,13.3,0.5,69.2,0.5,1.2,0.2,0,0.7,1
Charlie Sitton,43,7.1,2.1,41.5,0,0,0.3,52,1.4,0.6,0.2,0.1,0.4,0
Tom Scheffler,39,6.9,1.3,41.2,0,,0.3,50,1.9,0.3,0.2,0.3,0.4,0
Willie White,39,6,3.3,41.9,0.1,36.4,0.5,67.7,0.9,0.7,0.1,0.1,0.8,0
Rick Carlisle,38,4.7,1.8,38.8,0,0,0.4,88.2,0.6,0.7,0.1,0,0.5,1
Ralph Sampson*,82,32.8,21,52.3,0,25,3.5,66.1,11.1,2,0.8,2.4,3.6,1
Steve Stipanovich,81,30,12,48,0,18.8,2.3,75.3,6.9,2.1,0.9,0.8,2,1
Ennis Whatley,80,27,8.4,46.9,0,0,1.8,73,2.5,8.3,1.5,0.2,3.4,1
Rodney McCray,79,26.3,10.8,49.9,0,25,2.3,73.1,5.7,2.2,0.7,0.7,1.5,1
Anthony Bonner,52,12.8,4.2,35.6,0.3,24.5,0.8,63.8,3,0.3,0.4,0.1,0.9,1
Mitchell Wiggins,82,25.9,12.4,44.8,0.1,24.1,2.6,74.2,4,2.3,1.3,0.1,1.7,1
Thurl Bailey,81,24.8,8.5,51.2,0,0,1.1,75.2,5.7,1.6,0.5,1.5,1.3,1
Jeff Malone,81,24.4,12.1,44.4,0.3,32.4,1.8,82.6,1.9,1.9,0.3,0.2,1.4,1
Doc Rivers,81,23.9,9.3,46.2,0,16.7,3.1,78.5,2.7,3.9,1.6,0.4,2.1,1
Roy Hinson,80,23.2,5.5,49.6,0,0,0.9,59,6.2,0.9,0.4,1.8,1.4,1
Byron Scott,74,22.1,10.6,48.4,0.1,23.5,1.5,80.6,2.2,2.4,1.1,0.3,1.6,1
Paul Thompson,82,21.1,9,46.7,0.1,23.1,1.4,77.2,3.8,1.5,0.8,0.5,0.9,0
Derek Harper,82,20.9,5.7,44.3,0,11.5,0.8,67.3,2.1,2.9,1.2,0.3,1.4,1
Fred Roberts,79,19.4,7.3,53.6,0,25,1.8,83.7,3.8,1.2,0.7,0.5,1.3,1
Rod Foster,80,17.8,8.3,44.8,0.3,26.2,1.5,78.7,1.5,2.2,0.7,0.1,1.4,0
Dewayne Dedmon,31,12.6,3.1,45.8,0,0,0.7,65.6,4.1,0.2,0.2,0.7,0.6,0
Jon Sundvold,73,17.6,6.9,44.5,0.1,24.3,0.9,88.9,1.2,3.3,0.4,0,1.1,1
Clyde Drexler*,82,17.2,7.7,45.1,0,25,1.5,72.8,2.9,1.9,1.3,0.3,1.5,1
Jim Thomas,72,16.9,6.3,46.4,0,9.1,1.1,72.7,2.1,1.8,0.8,0.1,1,0
Darrell Walker,82,16.1,7.9,41.7,0,26.7,2.5,79.1,2,3.5,1.6,0.2,2.4,1
Sidney Lowe,78,15.9,4.2,41.3,0,11.1,1.4,77.7,1.6,3.4,1.2,0.1,1.4,0
Dale Ellis,67,15.8,8.2,45.6,0.2,41.4,1.3,71.9,3.7,0.8,0.6,0.1,1.2,1
Darren Daye,75,15.7,6.1,44.1,0,0,1.3,71.4,2.5,2.3,0.5,0.2,1.3,1
Randy Wittman,78,13.7,4.5,50.3,0,40,0.4,60.9,0.9,0.9,0.2,0,0.4,1
Sidney Green,49,13.6,5.2,43.9,0,0,1.1,71.4,3.6,0.5,0.4,0.3,1.2,1
Granville Waiters,78,13.3,3.6,51.7,0,0,0.4,60.8,2.9,0.8,0.3,1.1,0.8,1
C.J. McCollum,38,12.5,5.3,41.6,0.8,37.5,0.6,67.6,1.3,0.7,0.4,0.1,0.9,0
Howard Carter,55,12.5,6.2,45.9,0.1,26.3,0.9,77,1.6,1.3,0.3,0.1,0.8,0
Dane Suttle,40,11.7,6.5,50.9,0,0,1,85.1,1.2,1.2,0.5,0,0.8,0
Scooter McCray,47,11.1,2.7,38.8,0,0,0.7,70,2.4,0.9,0.2,0.4,0.7,0
Sedale Threatt,45,10.3,3.3,41.9,0,12.5,0.5,82.1,0.9,0.9,0.3,0,0.7,1
John Paxson,49,9.3,2.9,44.5,0.1,18.2,0.3,61.5,0.7,3,0.2,0,0.7,1
Leroy Combs,48,9.3,4.5,49.7,0,0,1.2,61.5,1.2,0.8,0.5,0.4,1,0
Larry Micheaux,39,8.5,3.1,54.4,0,0,0.5,53.8,2.9,0.5,0.5,0.3,0.5,0
Randy Breuer,57,8.3,2.9,38.4,0,0,0.6,69.6,1.9,0.3,0.2,0.7,0.6,1
Pace Mannion,57,8.2,2.1,39.7,0.1,23.1,0.3,78.3,1,0.8,0.4,0,0.4,1
Kris Dunn,33,16.9,4.1,37.3,0.3,29,0.8,62.5,2.2,2.4,1,0.3,1.2,0
Robbie Hummel,53,12.4,3.4,37.9,0.6,36,0.3,93.8,2.5,0.4,0.3,0,0.2,0
Bruce Kuczenski,15,7.9,1.9,27,0,0,0.5,66.7,1.5,0.5,0.1,0.1,1,0
Russell Cross,45,7.9,3.7,57.1,0,0,0.8,41.8,1.8,0.5,0.3,0.2,0.4,0
Bob Hansen,55,7.6,2.7,44.8,0,0,0.3,64.3,0.9,0.8,0.3,0.1,0.6,1
Greg Kite,35,5.6,1.9,45.5,0,0,0.1,31.3,1.8,0.2,0,0.1,0.6,1
Terry Cummings,70,36.2,23.7,52.3,0,0,4.2,70.9,10.6,2.5,1.8,0.9,2.9,1
Clark Kellogg,81,34.1,20.1,47.9,0,22.2,3.2,74.1,10.6,2.8,1.7,0.5,2.7,1
Quintin Dailey,76,27.4,15.1,46.6,0.1,20,2.7,73,3.4,3.7,0.9,0.1,2.7,1
Rod Higgins,82,26.8,10.3,44.8,0.2,31.7,2.5,79.2,4.5,2.1,0.8,0.8,1.6,1
Craig Hodges,76,26.6,9.9,45.2,0.3,22.2,1.2,72.3,1.6,3.6,1.1,0.1,2.1,1
Jeff Withey,58,11.8,3.3,53.5,0,0,0.9,71.2,2.6,0.4,0.3,0.9,0.3,0
James Worthy*,77,25.6,13.4,57.9,0,25,1.8,62.4,5.2,1.7,1.2,0.8,2.3,1
Trent Tucker,78,23.5,8.4,46.2,0.2,46.7,0.6,67.2,2.8,2.5,0.7,0.1,0.9,1
Terry Teagle,73,23.4,10.4,42.8,0.1,34.5,1.2,69.6,2.7,2.1,0.7,0.3,1.9,1
Marc Iavaroni,80,20.2,5.1,46.2,0,0,1,69,4.1,1,0.4,0.6,1.7,1
Ed Nealy,82,20,4.4,59.5,0,0,0.9,61.4,5.9,0.8,0.8,0.1,0.6,1
Rob Williams,74,19.5,7,40.8,0,13.3,1.8,75.3,1.8,4.9,1.2,0.2,2.5,0
Jerry Eaves,82,19.4,9.3,48.7,0,12.5,2.4,81,1.5,2.6,0.6,0,1.9,0
Paul Pressey,79,19.3,6.7,45.7,0,11.1,1.3,59.7,3.6,2.6,1.3,0.6,2,1
Brandon Davies,51,11.3,2.8,42.2,0,20,0.7,64.2,2.1,0.5,0.5,0.2,0.7,0
Lester Conner,75,18.9,4.9,47.9,0,0,1.1,69.9,2.9,3.4,1.6,0.1,1.3,1
Mark Eaton,81,18.9,4.3,41.4,0,0,0.7,65.6,5.7,1.4,0.3,3.4,1.7,1
Bill Garnett,75,18.8,6.3,53.3,0,0,1.7,74.1,5.4,1.4,0.6,0.9,1.1,0
Jeff Taylor,44,17.6,3.6,40,0,0,0.7,65.2,1.8,2.5,0.9,0.3,1.4,0
Jeff Taylor,77,19.6,6.1,43.1,0.7,34.4,1,72.8,1.9,0.8,0.6,0.2,0.6,0
Bryan Warrick,43,16.9,4,38,0,0,1,73.7,1.6,2.9,0.5,0.2,1.6,0
Sleepy Floyd,76,16.4,8.1,42.9,0.1,40,2,83.3,1.8,1.8,0.8,0.2,1.4,1
Richard Anderson,78,16.3,5.2,40.4,0.1,36.8,0.6,69.6,3.5,1.5,0.7,0.3,1.2,1
Russ Schoene,77,15.9,6.2,47.6,0,25,0.8,73.5,3.3,0.8,0.3,0.3,1.1,0
John Bagley,68,14.6,5.7,43.2,0,0,0.9,76.2,1.4,2.5,0.8,0.1,1.7,1
Archie Goodwin,52,10.3,3.7,45.5,0.1,13.9,0.7,67.3,1.7,0.4,0.4,0.2,0.8,0
Cliff Levingston,62,14.2,5.6,48.5,0,0,1.4,57.1,3.7,0.8,0.4,0.6,1.2,1
LaSalle Thompson,71,13.9,5.4,51.2,0,0,1.3,65,5.3,0.5,0.6,0.9,1.4,1
Bruce Flowers,53,13.2,4.9,53.4,0,0,0.8,77.4,3.4,0.9,0.4,0.2,0.8,0
Corny Thompson,44,11.8,2.8,31.4,0,0,0.8,78.3,2.7,0.8,0.3,0.2,0.7,0
Walker Russell,68,11.1,2.7,36.4,0,11.1,0.7,81,1.1,1.9,0.2,0,1.4,0
Walker Russell,68,11.1,2.7,36.4,0,11.1,0.7,81,1.1,1.9,0.2,0,1.4,1
David Thirdkill,49,10.6,4,43.5,0,14.3,0.9,57.7,1.5,0.7,0.4,0.1,1,1
Dave Batton,54,10.3,3.3,44.5,0,0,0.1,47.1,2.2,0.5,0.3,0.2,0.5,0
Darren Tillis,52,10.1,3.2,42,0,0,0.3,57.1,2.5,0.3,0.1,0.6,0.4,0
Brook Steppe,62,9.8,4,47.7,0,14.3,1.2,76,1.2,1.1,0.4,0.1,0.9,1
Rory White,65,9.6,5,54.3,0,0,1.1,64.2,1.6,0.5,0.3,0,0.8,1
Andre Roberson,40,10,1.9,48.5,0.1,15.4,0.2,70,2.4,0.4,0.5,0.3,0.5,0
Linton Townes,55,9.4,4.5,44.9,0.2,36,0.5,73.7,1.2,0.6,0.3,0.1,0.6,0
Eddie Phillips,48,8.7,3.2,40.6,0,0,0.8,67.8,1.6,0.6,0.3,0.2,1,0
Jim Johnstone,23,8.3,1.3,36.7,0,0,0.4,45,2,0.5,0.1,0.3,0.7,0
Jose Slaughter,63,8.2,3.6,37.4,0.1,22,0.6,64.4,1.1,0.8,0.6,0.1,0.7,0
Rickey Williams,44,7.9,3.3,41.5,0,0,0.8,66,0.9,0.8,0.5,0.1,0.9,0
Chris Engler,54,6.8,1.5,40.4,0,0,0.1,31.3,1.9,0.2,0.1,0.3,0.4,1
Ricky Pierce,39,6.8,2.2,37.5,0,14.3,0.5,56.3,0.9,0.4,0.2,0.1,0.5,1
Mark McNamara,36,5.1,2.2,45.3,0,0,0.6,44.4,2.1,0.2,0.1,0.1,1,1
Scott Hastings,31,4.5,1.2,34.2,0,0,0.4,55,1.3,0.1,0.2,0,0.3,1
Oliver Robinson,35,4.2,2.9,36.1,0,9.1,0.9,66.7,0.5,0.6,0.1,0.1,0.4,0
Kelly Tripucka,82,37.5,21.6,49.6,0.1,22.7,6,79.7,5.4,3.3,1.1,0.2,3.4,1
Buck Williams,82,34.5,15.5,58.2,0,0,3,62.4,12.3,1.3,1,1,2.9,1
Isiah Thomas*,72,33.8,17,42.4,0.2,28.8,4.2,70.4,2.9,7.8,2.1,0.2,4.2,1
Tom Chambers,81,33.1,17.2,52.5,0,0,3.5,62,6.9,1.8,0.7,0.6,2.7,1
Jay Vincent,81,32.4,21.4,49.7,0,25,3.6,71.6,7,2.2,1.1,0.3,2.4,1
Mark Aguirre,51,28.8,18.7,46.5,0.5,35.2,3.3,68,4.9,3.2,0.7,0.4,2.6,1
Herb Williams,82,27.8,11.5,47.7,0,28.6,1.5,67,7.4,1.7,0.7,2.2,1.7,1
Jeff Ruland,82,27,14.4,56.1,0,33.3,4.2,75.2,9.3,1.6,0.5,0.7,2.9,1
Frank Johnson,79,25.7,10.7,41.4,0.2,21.5,1.9,75,1.9,4.8,1,0.1,2,1
Elston Turner,80,25,8.3,44.1,0,0,1.2,70.3,3.8,2.4,0.9,0,1.4,1
Steve Johnson,78,22.3,12.8,61.3,0,0,2.7,64.2,5.9,1.2,0.5,1.1,2.5,1
Albert King,76,22.3,12.1,48.2,0,23.1,1.8,77.8,4.1,1.9,0.8,0.5,2.4,1
Gene Banks,80,21.3,9.6,47.7,0,0,1.8,68.4,5.1,1.8,0.7,0.2,1.3,1
Eddie Johnson,74,20.5,9.3,45.9,0,9.1,1.3,66.4,4.4,1.5,0.7,0.2,1.3,1
Eddie Johnson,74,20.5,9.3,45.9,0,9.1,1.3,66.4,4.4,1.5,0.7,0.2,1.3,1
Danny Schayes,82,19.8,7.9,48.1,0,0,1.7,75.7,5.2,1.8,0.6,0.9,1.8,1
Rudy Macklin,79,19.2,7,43.4,0,0,1.7,77.5,3.3,0.6,0.5,0.3,1.4,0
Sam Williams,59,18.2,6.1,55.6,0,,0.8,55.1,5.2,0.6,0.8,1.3,1.1,0
Kurt Rambis,64,17.7,4.6,51.8,0,0,0.9,50.4,5.4,0.9,0.9,1.2,1.2,1
Kurt Nimphius,63,17.2,5.3,46.1,0,,1,58.3,4.7,1,0.3,1.3,0.9,1
Pete Verhoeven,71,17,4.9,50.3,0,,0.7,70.8,3.6,0.7,0.6,0.3,0.8,1
Darnell Valentine,82,16.9,6.4,41.3,0,0,1.9,76,1.8,3.3,1.1,0,1.6,1
Jim Brogan,63,16.3,6.3,45.3,0.1,28.1,1,72.6,1.9,2.5,0.8,0.2,1.3,0
John Douglas,64,16.1,7,46.5,0.3,30.5,1,65.7,1.4,2.3,0.8,0.1,1.4,0
Kevin Loder,71,16,6.9,46.4,0,0,1.1,72,2.7,1.2,0.5,0.4,1,0
Orlando Woolridge,75,15.8,7.3,51.3,0,0,1.9,69.9,3,1.1,0.3,0.3,1.4,1
Alton Lister,80,14.8,4.5,51.9,0,0,0.8,52,4.8,1.1,0.2,1.5,1.6,1
Larry Nance,80,14.8,6.6,52.1,0,0,0.9,64.1,3.2,1,0.5,0.9,1.3,1
Danny Vranes,77,14,4.9,54.6,0,0,1.2,60.1,2.6,0.7,0.4,0.3,0.9,1
Ed Rains,49,13,3.9,43.5,0,0,0.8,59.4,1.6,0.8,0.4,0,0.5,0
Peyton Siva,24,9.3,2.3,31.6,0.3,28,0.5,73.3,0.6,1.4,0.4,0,0.8,0
Jim Smith,72,11.9,2.9,50.9,0,,0.5,45.9,2.5,0.6,0.3,0.7,0.7,0
Jeff Lamp,54,11.4,4.6,51,0,0,0.9,82,1.2,0.5,0.3,0,0.8,1
Ray Blume,49,11.1,4.6,45.9,0.1,22.2,0.4,64.3,0.8,1.4,0.5,0,1.1,0
Garry Witts,46,10.7,2.9,58.3,0,50,0.7,82.5,1.3,0.8,0.4,0.1,0.8,0
Charlie Davis,54,10.6,3.8,47.8,0,0,0.6,81.1,2.5,0.6,0.2,0.2,0.8,0
Danny Ainge,53,10.6,4.1,35.7,0.1,29.4,1.1,86.2,1.1,1.6,0.7,0.1,1,1
Mike McGee,39,9,4.9,46.5,0,0,0.8,58.5,1.3,0.4,0.5,0.1,0.9,1
Mark Radford,43,8.6,3.4,54,0,66.7,0.8,50.7,0.7,1.3,0.4,0.1,1,0
Alex Bradley,39,8.5,3.5,52.4,0,0,0.7,60.4,1.7,0.3,0.3,0.1,0.7,0
Reggie Bullock,43,9.2,2.7,35.5,0.5,30.1,0.2,77.8,1.3,0.3,0.2,0,0.3,0
Howard Wood,42,8.1,3.4,45.8,0,0,0.8,65.4,1.5,0.2,0.2,0.1,0.4,0
Franklin Edwards,42,6.9,3.6,43.3,0,0,0.5,74.1,0.6,1.1,0.4,0.1,0.6,1
Bobby Cattage,49,6.9,3.1,44.4,0,0,0.6,73.2,1.5,0.1,0.1,0,0.4,0
Charles Bradley,51,6.6,3,45.1,0,0,0.8,67.7,0.7,0.4,0.3,0.1,0.7,0
Kevin McKenna,36,6.6,1.9,32.2,0,0,0.3,64.7,0.8,0.4,0.3,0.1,0.6,1
Joe Barry Carroll,82,35.6,18.9,49.1,0,0,3.8,71.6,9.3,1.4,0.6,1.5,3,1
Darrell Griffith,81,35.4,20.6,46.4,0.1,19.2,2.8,71.6,3.6,2.4,1.3,0.5,2.9,1
Larry Smith,82,31.4,9.6,51.2,0,0,2.2,58.8,12.1,1.1,0.8,0.8,1.8,1
Mike O'Koren,79,31.3,11,48.6,0.1,27.8,1.7,63.7,6.1,3.2,1.1,0.3,1.9,1
Kelvin Ransey,80,30.4,15.2,45.2,0,9.7,2.1,74.9,2.4,6.9,1.1,0.1,2.9,1
Malcolm Delaney,33,16.4,5.3,37.1,0.2,17.4,1.1,86,1.6,2.8,0.4,0,1.5,0
Otto Porter,37,8.6,2.1,36.3,0.1,19,0.2,66.7,1.5,0.3,0.2,0,0.4,0
Bill Laimbeer,81,30.4,9.8,50.3,0,0,1.4,76.5,8.6,2.7,0.7,1,1.6,1
Michael Brooks,82,30.2,14.7,47.9,0,0,2.8,70.6,5.4,2.5,1.2,0.4,2,1
Mike Gminski,56,28.2,13.2,42.3,0,0,2.8,76.7,7.5,1.3,1,1.8,2.3,1
Darwin Cook,81,24.4,11.2,46.8,0.1,24,1.6,73.3,2.9,3.7,1.7,0.4,2.2,1
Andrew Toney,75,23.6,12.9,49.5,0.1,31,2.1,71.2,1.9,3.6,0.8,0.1,2.9,1
Cedrick Hordges,68,23.5,8.4,46,0,0,1.9,69.9,6.7,1.5,0.5,0.3,1.8,0
Calvin Garrett,70,23.4,6.1,45.3,0,33.3,0.7,80.6,3.8,1.9,0.7,0.1,1.3,0
Don Collins,81,22.8,11.5,44.4,0,0,2.6,77.6,3.3,2.3,1.3,0.3,2.1,1
Louis Orr,82,21.8,10.5,49.1,0,0,2,80.7,4.4,1.6,0.7,0.3,1.5,1
Reggie Johnson,79,21.7,10.2,49.9,0,0,1.6,66.3,4.5,1,0.6,0.6,1.6,0
Larry Drew,76,20.8,6.6,40.7,0.1,23.5,1.4,79.7,1.6,3.3,1.2,0.1,2.2,1
Larry Drew,76,20.8,6.6,40.7,0.1,23.5,1.4,79.7,1.6,3.3,1.2,0.1,2.2,0
Kevin McHale*,82,20.1,10,53.3,0,0,1.3,67.9,4.4,0.7,0.3,1.8,1.3,1
Lowes Moore,71,19.8,7,44.4,0.1,14.8,1,75,2.4,3.2,0.9,0.2,1.5,0
Wayne Robinson,81,19.7,7.9,46,0,0,2.2,72.9,3.6,1.4,0.6,0.3,1.8,0
Johnny Moore,82,19.2,7.4,47.9,0,5.3,1.3,61,2.4,4.5,1.5,0.3,1.9,1
Jeff Wilkins,56,18.9,4.7,45,0,,0.5,67.5,4.9,0.7,0.6,0.8,1.1,1
Kyle Macy,82,17.9,8.1,51.1,0.1,23.5,1.3,89.9,1.6,2,0.9,0.1,1.2,1
Bill Hanzlik,74,17,5.4,47.8,0,20,1.6,79.3,2.1,1.5,0.8,0.3,1.1,1
Solomon Hill,28,8.1,1.7,42.5,0.3,30.4,0.2,85.7,1.5,0.4,0.2,0.1,0.5,0
Edgar Jones,60,15.8,8.7,52.9,0,0,2.4,67,4.4,0.7,0.6,1.4,1.7,1
Sam Worthen,64,14.8,3.7,49.5,0,0,0.7,75,1.8,1.8,0.9,0.1,1.4,0
James Johnson,68,14.4,5.3,54.2,0,0,1.5,59.4,4.5,0.6,0.1,1.1,1,1
James Johnson,65,11.6,3.9,45.2,0.2,32.6,0.8,72.9,2,0.7,0.3,0.7,0.9,1
Lorenzo Romar,53,13.7,4.1,41.2,0,33.3,0.8,68.3,1.1,2.6,0.5,0.1,1,1
Rick Mahorn,52,13.4,4.8,50.7,0,0,0.5,67.5,4.1,0.5,0.4,0.8,0.7,1
Rickey Brown,45,12.9,4,51.2,0,0,0.4,76.2,3.7,0.5,0.2,0.3,0.7,1
Butch Carter,54,12.4,5.6,46.2,0.1,30,1.3,73.7,1.2,1,0.4,0,0.9,1
Mike Woodson,81,11.7,4.7,44.2,0,20,0.6,76.6,1.2,0.9,0.4,0.1,0.7,1
John Duren,40,11.5,1.8,32.7,0,0,0.1,55.6,0.9,1.4,0.5,0.1,0.9,0
James Wilkes,48,11.3,4.1,46.2,0,0,0.6,69,2,0.6,0.5,0.3,0.7,0
Shabazz Muhammad,37,7.8,3.9,46,0.1,27.3,0.7,65,1.4,0.2,0.2,0,0.4,0
DeWayne Scales,44,11,4.9,41.8,0,16.7,0.6,66.7,3,0.2,0.3,0.1,0.7,0
Craig Shelton,55,10.7,4.3,45.7,0,0,0.6,60.3,2.5,0.5,0.3,0.1,1.1,0
Earl Cureton,52,10.2,4.2,45.4,0,0,0.6,51.6,3,0.5,0.4,0.4,0.6,1
Billy Reid,59,10.1,3.2,45.4,0,0,0.4,56.4,1,1.2,0.6,0.1,1.3,0
Jerry Sichting,47,9.6,2,35.8,0,0,0.5,78.1,0.9,1.5,0.5,0,0.6,1
Reggie Carter,60,8.9,2.8,33,0,0,0.9,73.9,1.2,1.3,0.4,0,0.6,0
Mike Harper,55,8.4,2.7,41.2,0,0,0.7,43.5,1.7,0.3,0.4,0.4,0.6,0
Mike Niles,44,5.3,2.6,34.8,0,50,0.4,45.9,1.3,0.3,0.2,0,0.6,0
Toure' Murry,51,7.3,2.7,43.4,0.1,41.7,0.5,59,0.9,1,0.4,0,0.7,0
Dionte Christmas,31,6.4,2.3,35.5,0.3,29,0.6,75,1.2,0.3,0.1,0.1,0.2,0
Damian Lillard,82,38.6,19,42.9,2.3,36.8,3.3,84.4,3.1,6.5,0.9,0.2,3,1
Bradley Beal,56,31.2,13.9,41,1.6,38.6,2.2,78.6,3.8,2.4,0.9,0.5,1.6,1
Semaj Christon,33,15.6,3,31.8,0.2,16.7,0.3,52.9,1.4,2.5,0.4,0.1,0.7,0
Anthony Davis,64,28.8,13.5,51.6,0,0,2.6,75.1,8.2,1,1.2,1.8,1.4,1
Dion Waiters,61,28.8,14.7,41.2,1,31,2.6,74.6,2.4,3,1,0.3,2,1
Kyle Singler,82,28,8.8,42.8,0.9,35,1.2,80.6,4,0.9,0.7,0.5,1.2,1
Tyler Zeller,77,26.4,7.9,43.8,0,0,1.6,76.4,5.7,1.2,0.5,0.9,1.2,1
Maurice Harkless,76,26,8.2,46.1,0.4,27.4,1,57,4.4,0.7,1.2,0.8,0.9,1
Michael Kidd-Gilchrist,78,26,9,45.8,0,22.2,1.8,74.9,5.8,1.5,0.7,0.9,1.3,1
Harrison Barnes,81,25.4,9.2,43.9,0.6,35.9,1.8,75.8,4.1,1.2,0.6,0.2,1.3,1
Austin Rivers,61,23.2,6.2,37.2,0.5,32.6,1,54.6,1.8,2.1,0.4,0.1,1.2,1
Caris LeVert,12,15.5,4.7,35.8,0.8,32.3,0.7,66.7,2.6,1.3,0.9,0.2,0.6,0
Andre Drummond,60,20.7,7.9,60.8,0,50,1,37.1,7.6,0.5,1,1.6,0.9,1
Jared Sullinger,45,19.8,6,49.3,0,20,1,74.6,5.9,0.8,0.5,0.5,0.6,0
Meyers Leonard,69,17.5,5.5,54.5,0,42.9,1,80.9,3.7,0.5,0.2,0.6,0.7,1
Patrick Beverley,41,17.4,5.6,41.8,0.9,37.5,0.8,82.9,2.7,2.9,0.9,0.5,1.1,1
Jae Crowder,78,17.3,5,38.4,0.8,32.8,0.6,64.4,2.4,1.2,0.8,0.2,0.6,1
Brian Roberts,78,17,7.1,41.7,0.8,38.6,0.9,90.9,1.2,2.8,0.5,0,0.9,1
Terrence Ross,73,17,6.4,40.7,0.9,33.2,0.4,71.4,2,0.7,0.6,0.2,0.7,1
Chris Copeland,56,15.4,8.7,47.9,1.1,42.1,1.1,75.9,2.1,0.5,0.3,0.2,0.9,0
Thomas Robinson,70,15.1,4.8,43,0,0,0.8,52.3,4.5,0.7,0.6,0.4,1.3,1
John Jenkins,61,14.8,6.1,44.6,0.9,38.4,1,84.3,1.5,0.9,0.2,0.2,0.7,1
Kendall Marshall,48,14.6,3,37.1,0.5,31.5,0.2,57.1,0.9,3,0.5,0.1,1.2,0
Draymond Green,79,13.4,2.9,32.7,0.2,20.9,0.6,81.8,3.3,0.7,0.5,0.3,0.7,1
Darius Miller,52,13.3,2.3,40.7,0.4,39.3,0.2,100,1.5,0.8,0.3,0.2,0.4,0
John Henson,63,13.1,6,48.2,0,0,0.9,53.3,4.7,0.5,0.3,0.7,0.8,1
Sheldon McClellan,11,13.7,4.8,41.5,0.3,20,1.5,88.9,0.9,0.8,0.5,0.1,0.2,0
DeQuan Jones,63,12.7,3.7,43.6,0.1,25.7,0.5,66.7,1.7,0.3,0.3,0.3,0.5,0
Doron Lamb,47,12.3,3.3,36.8,0.3,37.8,0.4,58.8,1,0.7,0.3,0,0.6,0
Will Barton,73,12.2,4,38.2,0.1,13.8,0.7,76.9,2,0.8,0.5,0.1,0.8,1
Orlando Johnson,51,12.1,4,40,0.7,38.3,0.5,71.9,2.2,0.9,0.2,0.2,0.6,0
Arnett Moultrie,47,11.5,3.7,58.2,0,0,0.4,64.3,3.1,0.2,0.4,0.2,0.4,0
Kyle O'Quinn,57,11.2,4.1,51.3,0,0,0.5,66.7,3.7,0.9,0.2,0.5,0.7,1
Bernard James,46,9.9,2.8,51.5,0,0,0.5,61,2.8,0.1,0.3,0.8,0.4,0
Kim English,41,9.9,2.9,37.5,0.3,28,0.5,72.4,0.9,0.6,0.4,0.1,0.5,0
Rodney McGruder,30,25.7,5.8,40,0.8,32.5,0.7,72.4,3.5,1.5,0.7,0.3,0.7,0
Mike Scott,40,9.4,4.6,47.6,0,0,1.1,76.8,2.8,0.3,0.1,0.1,0.5,1
Marquis Teague,48,8.2,2.1,38.1,0.1,17.4,0.2,56.3,0.9,1.3,0.2,0.1,0.7,0
Tony Wroten,35,7.8,2.6,38.4,0.1,25,0.6,72.4,0.8,1.2,0.2,0.1,0.8,0
Maalik Wayns,27,7.5,2.8,29.5,0.3,22.6,0.6,89.5,0.3,1,0.2,0,0.6,0
Jeremy Lamb,23,6.4,3.1,35.3,0.4,30,0.6,100,0.8,0.2,0.1,0.1,0.3,1
Brandon Knight,66,32.3,12.8,41.5,1.6,38,1.6,75.9,3.2,3.8,0.7,0.1,2.6,1
MarShon Brooks,56,29.4,12.6,42.8,0.8,31.3,2,76.4,3.6,2.3,0.9,0.3,2.1,0
Iman Shumpert,59,28.9,9.5,40.1,0.8,30.6,1.5,79.8,3.2,2.8,1.7,0.1,1.9,1
Chandler Parsons,63,28.6,9.5,45.2,1,33.7,0.7,55.1,4.8,2.1,1.2,0.5,1.3,1
Kemba Walker,66,27.2,12.1,36.6,1,30.5,2.5,78.9,3.5,4.4,0.9,0.3,1.8,1
Isaiah Thomas,65,25.5,11.5,44.8,1.3,37.9,2.4,83.2,2.6,4.1,0.8,0.1,1.6,1
Klay Thompson,66,24.4,12.5,44.3,1.7,41.4,1.2,86.8,2.4,2,0.7,0.3,1.6,1
Kawhi Leonard,64,24,7.9,49.3,0.6,37.6,1.1,77.3,5.1,1.1,1.3,0.4,0.7,1
Wade Baldwin,22,13.5,3.5,31.3,0.1,11.1,1,82.1,1.5,2.1,0.6,0.3,1.3,0
Kenneth Faried,46,22.5,10.2,58.6,0,0,2.4,66.5,7.7,0.8,0.7,1,1.2,1
Chris Singleton,66,21.7,4.6,37.2,0.7,34.6,0.5,68.2,3.5,0.7,1.1,0.5,0.6,0
Derrick Williams,66,21.5,8.8,41.2,0.6,26.8,2.1,69.7,4.7,0.6,0.5,0.5,1.2,1
Donald Sloan,33,20.3,5.5,39.9,0.1,8,0.7,76.7,2,3.2,0.4,0.1,1.5,1
Markieff Morris,63,19.5,7.4,39.9,0.7,34.7,1.2,71.7,4.4,1,0.7,0.7,1.1,1
Norris Cole,65,19.4,6.8,39.3,0.3,27.6,1,77.6,1.4,2,0.7,0,1.6,1
Jimmer Fredette,61,18.6,7.6,38.6,1.3,36.1,0.7,83.3,1.2,1.8,0.5,0.1,1.1,1
Charles Jenkins,51,17.5,5.8,44.7,0.1,15,0.7,87.2,1.3,3.3,0.7,0.1,1.2,0
Jaylen Brown,34,13.4,4.9,44.6,0.4,31.6,0.7,63.2,1.8,0.6,0.3,0.3,0.6,0
Ivan Johnson,56,16.7,6.4,51.3,0,33.3,1.3,72,4,0.6,0.8,0.3,1.2,0
Alec Burks,59,15.9,7.2,42.9,0.3,33.3,1.8,72.7,2.2,0.9,0.5,0.1,0.9,1
Lavoy Allen,41,15.2,4.1,47.3,0,0,0.3,78.6,4.2,0.8,0.3,0.4,0.5,1
Lance Thomas,42,15,4,45.2,0,0,1.2,83.9,3,0.3,0.2,0.2,0.6,1
Jordan Williams,43,14.8,4.6,50.7,0,0,1,65.2,3.6,0.3,0.5,0.3,0.5,0
Josh Harrellson,37,14.6,4.4,42.3,0.5,33.9,0.4,61.5,3.9,0.3,0.6,0.5,0.5,0
Greg Stiemsma,55,13.9,2.9,54.5,0,0,0.5,70.7,3.2,0.5,0.7,1.6,0.6,0
Jeremy Tyler,42,13.5,4.9,42.1,0,0,0.7,55.8,3.3,0.4,0.4,0.5,0.9,0
Malcolm Lee,19,12.8,3.3,39,0.1,20,0.7,82.4,1.4,1.6,0.4,0.2,0.9,0
Nolan Smith,44,12.3,3.8,37.2,0.3,28.9,0.5,71.4,1.3,1.4,0.4,0.1,0.9,0
Shelvin Mack,64,12.2,3.6,40,0.2,28.6,0.7,71.2,1.4,2,0.4,0,0.8,1
Jon Leuer,46,12.1,4.7,50.8,0.1,33.3,0.5,75,2.6,0.5,0.3,0.4,0.4,1
Tobias Harris,42,11.4,5,46.7,0.1,26.1,1,81.5,2.4,0.5,0.3,0.2,0.7,1
Cory Higgins,38,11.1,3.9,32.5,0.1,20,1.1,70,0.9,0.9,0.1,0.2,1,0
Andrew Goudelock,40,10.5,4.4,39.1,0.7,37.3,0.3,91.7,0.8,0.5,0.1,0,0.5,0
Jordan Hamilton,26,9.9,4.4,43.2,0.7,36.2,0.1,40,2.4,0.8,0.1,0.1,0.6,1
Mickell Gladness,26,9.7,2.2,42.4,0,0,0.2,50,2.2,0.2,0.1,0.8,0.3,0
Patrick McCaw,26,12.2,2.8,38.9,0.6,37.5,0.1,50,1,1,0.4,0.3,0.6,0
Jeremy Pargo,44,9.6,2.9,33.3,0.2,26.3,0.4,59.3,0.8,1.3,0.3,0,1.1,0
E'Twaun Moore,38,8.7,2.9,38.1,0.4,37.8,0.2,100,0.9,0.9,0.3,0.1,0.6,1
Jimmy Butler,42,8.5,2.6,40.5,0,18.2,1,76.8,1.3,0.3,0.3,0.1,0.3,1
JaJuan Johnson,36,8.3,3.2,44.6,0,0,0.2,66.7,1.6,0.2,0.1,0.4,0.4,0
Blake Griffin,82,38,22.5,50.6,0.1,29.2,5.4,64.2,12.1,3.8,0.8,0.6,2.7,1
John Wall,69,37.8,16.4,40.9,0.5,29.6,4.4,76.6,4.6,8.3,1.8,0.5,3.8,1
Landry Fields,82,31,9.7,49.7,1,39.3,1.4,76.9,6.4,1.9,1,0.2,1.3,1
DeMarcus Cousins,81,28.5,14.1,43,0,16.7,3.4,68.7,8.6,2.5,1.1,0.8,3.3,1
Greg Monroe,80,27.8,9.4,55.1,0,0,1.8,62.2,7.5,1.3,1.2,0.6,1,1
Wesley Johnson,79,26.2,9,39.7,1.3,35.6,0.8,69.6,3,1.9,0.7,0.7,1.2,1
Ed Davis,65,24.6,7.7,57.6,0,0,1.1,55.5,7.1,0.6,0.6,1,0.7,1
Jordan Crawford,42,24.5,11.7,38.4,0.8,25.8,1.7,86.9,2.5,2.8,0.9,0.1,2,0
Evan Turner,78,23,7.2,42.5,0.2,31.8,1.3,80.8,3.9,2,0.6,0.2,1,1
Eric Bledsoe,81,22.7,6.7,42.4,0.4,27.6,1.2,74.4,2.8,3.6,1.1,0.3,2.4,1
Gary Neal,80,21.1,9.8,45.1,1.6,41.9,1.1,80.8,2.5,1.2,0.3,0.1,1,1
Paul George,61,20.7,7.8,45.3,0.7,29.7,1.3,76.2,3.7,1.1,1,0.4,1.1,1
Derrick Favors,78,19.7,6.8,51.7,0,0,1.3,59.5,5.3,0.5,0.4,0.9,1,1
Kay Felder,15,11,5.4,43.5,0.3,44.4,1.5,76.7,1.3,1.9,0.4,0.2,0.7,0
Al-Farouq Aminu,81,17.9,5.6,39.4,0.6,31.5,1.1,77.3,3.3,0.7,0.7,0.3,1.3,1
Ekpe Udoh,58,17.8,4.1,43.7,0,0,0.7,65.6,3.1,0.7,0.4,1.5,0.8,1
Manny Harris,54,17.3,5.9,37.4,0.6,37,1.3,76.3,2.6,1.6,0.6,0.1,1.2,0
Gordon Hayward,72,16.9,5.4,48.5,0.5,47.3,1,71.1,1.9,1.1,0.4,0.3,1,1
Patrick Patterson,52,16.7,6.3,55.8,0,0,0.6,71.4,3.8,0.8,0.3,0.7,0.6,1
Trevor Booker,65,16.4,5.3,54.9,0,0,1,67.3,3.9,0.5,0.5,0.7,0.6,1
Larry Sanders,60,14.5,4.3,43.3,0,0,0.5,56,3,0.3,0.4,1.2,0.6,1
Luke Harangody,49,13.1,3.9,38.3,0.3,24.2,0.4,73.1,2.9,0.6,0.3,0.3,0.3,0
Quincy Pondexter,66,11.1,2.8,40.6,0.3,36,0.4,70.6,1.3,0.4,0.3,0.1,0.2,1
Ben Uzoh,42,10.4,3.8,42.4,0.1,37.5,0.8,58.9,1.5,1.6,0.3,0.2,0.6,0
Ish Smith,43,10.3,2.3,37.4,0.1,30,0.3,57.1,1.1,1.8,0.4,0.1,0.8,1
Lazar Hayward,42,10,3.8,35.7,0.4,28.3,0.8,78.6,1.7,0.7,0.3,0.2,0.5,0
Jeremy Evans,49,9.4,3.6,66.1,0,0,0.5,70.3,2,0.5,0.3,0.3,0.4,1
Cole Aldrich,18,7.9,1,53.3,0,0,0.1,50,1.9,0.2,0.3,0.4,0.4,1
Armon Johnson,38,7.3,2.9,45.5,0.1,41.7,0.3,59.1,0.9,1.2,0.1,0,1,0
Mustafa Shakur,22,7.2,2.3,35.6,0,10,0.4,53.3,1,1.1,0.2,0.1,0.8,0
Derrick Caracter,41,5.2,2,48.5,0,0,0.4,73.9,1,0.2,0.1,0.2,0.5,0
Tyreke Evans,72,37.2,20.1,45.8,0.5,25.5,4.8,74.8,5.3,5.8,1.5,0.4,3,1
Stephen Curry,80,36.2,17.5,46.2,2.1,43.7,2.2,88.5,4.5,5.9,1.9,0.2,3,1
Brandon Jennings,82,32.6,15.5,37.1,1.8,37.4,2.7,81.7,3.4,5.7,1.3,0.2,2.4,1
Denzel Valentine,22,10.6,2.5,27.7,0.5,26.2,0.3,87.5,1.6,0.5,0.3,0.1,0.4,0
Jonny Flynn,81,28.9,13.5,41.7,1,35.8,2.8,82.6,2.4,4.4,1,0,2.9,0
Darren Collison,76,27.8,12.4,47.7,0.6,40,1.9,85.1,2.5,5.7,1,0.1,2.7,1
Taj Gibson,82,26.9,9,49.4,0,0,1.4,64.6,7.5,0.9,0.6,1.3,1.4,1
Marcus Thornton,73,25.6,14.5,45.1,1.6,37.4,2,81.4,2.9,1.6,0.8,0.1,1,1
Wesley Matthews,82,24.7,9.4,48.3,0.8,38.2,2,82.9,2.3,1.5,0.8,0.2,1.1,1
Jrue Holiday,73,24.2,8,44.2,0.8,39,0.9,75.6,2.6,3.8,1.1,0.3,2.1,1
James Harden,76,22.9,9.9,40.3,1.2,37.5,2.6,80.8,3.2,1.8,1.1,0.3,1.4,1
Terrence Williams,78,22.6,8.4,40.1,0.4,31,1.3,71.5,4.5,2.9,0.6,0.1,1.6,0
Taurean Waller-Prince,20,10,3.4,39.3,0.4,29.2,0.6,85.7,2,0.7,0.3,0.3,0.7,0
DeMar DeRozan,77,21.6,8.6,49.8,0.1,25,1.9,76.3,2.9,0.7,0.6,0.2,0.8,1
Ty Lawson,65,20.3,8.3,51.5,0.5,41,1.6,75.7,1.9,3.1,0.7,0,1.3,1
Chase Budinger,74,20.1,8.9,44.1,1.2,36.9,0.9,77,3,1.2,0.5,0.1,0.7,1
Toney Douglas,56,19.4,8.6,45.8,1.2,38.9,1,80.9,1.9,2,0.8,0.1,1,1
DeJuan Blair,82,18.2,7.8,55.6,0,0,1.1,54.7,6.4,0.8,0.6,0.5,1.4,1
Wayne Ellington,76,18.2,6.6,42.4,0.8,39.5,0.8,87.1,2.1,1,0.3,0.1,1,1
Sam Young,80,16.5,7.4,45.1,0.1,19.6,1.7,77.7,2.5,0.7,0.4,0.3,1.2,0
Eric Maynor,81,15.7,4.7,41.8,0.3,31,0.6,72.2,1.6,3.3,0.5,0.1,1.1,1
A.J. Price,56,15.4,7.3,41,1.1,34.5,1.1,80,1.6,1.9,0.6,0.1,1.1,1
Karl-Anthony Towns,82,32,18.3,54.2,0.4,34.1,2.7,81.1,10.5,2,0.7,1.7,2.2,0
Jordan Hill,47,13.3,5.2,49.3,0,0,1,67.6,3.7,0.4,0.3,0.5,0.6,1
Austin Daye,69,13.3,5.1,46.4,0.4,30.5,0.7,82.1,2.5,0.5,0.4,0.4,0.7,1
Chris Hunter,60,13.1,4.5,50.2,0,0,0.9,75.4,2.8,0.6,0.2,0.6,0.5,0
Jon Brockman,52,12.6,2.8,53.4,0,0,0.7,59.7,4.1,0.4,0.3,0.1,0.4,0
Garrett Temple,27,12.4,5,43.6,0.5,35.1,1.3,70,1.1,0.8,0.5,0.2,1,1
Jodie Meeks,60,12,4.7,38.8,0.7,31.8,0.5,79.5,1.6,0.7,0.3,0.1,0.4,1
Dante Cunningham,63,11.2,3.9,49.5,0,0,0.5,64.6,2.5,0.2,0.4,0.3,0.2,1
DeMarre Carroll,71,11.2,2.9,39.6,0,0,0.5,62.3,2.1,0.5,0.4,0.1,0.3,1
Jeff Ayres,39,10.4,2.7,66.2,0,0,0.5,90,2.5,0,0.2,0.4,0.3,1
Jeff Teague,71,10.1,3.2,39.6,0.1,21.9,0.6,83.7,0.9,1.7,0.5,0.1,0.7,1
Derrick Brown,57,9.4,3.3,46.3,0,28.6,0.8,66.7,1.4,0.3,0.4,0.2,0.3,0
DaJuan Summers,44,9.2,3,35.4,0.3,35.7,0.6,71.1,1,0.4,0.2,0.2,0.4,0
Gerald Henderson,43,8.3,2.6,35.6,0.1,21.1,0.8,74.5,1.3,0.3,0.2,0.2,0.3,1
Gerald Henderson,43,8.3,2.6,35.6,0.1,21.1,0.8,74.5,1.3,0.3,0.2,0.2,0.3,1
Earl Clark,51,7.5,2.7,37.1,0,40,0.5,72.2,1.2,0.4,0.1,0.3,0.5,1
Cedric Jackson,12,6.3,1.7,30,0.1,16.7,0.6,58.3,0.7,1.2,0.3,0.2,0.9,0
Marcus Landry,18,6.2,2.4,37.2,0.5,32.1,0.2,60,1.1,0,0.1,0.1,0.3,0
Jahlil Okafor,53,30,17.5,50.8,0,16.7,2.5,68.6,7,1.2,0.4,1.1,2.3,0
Lester Hudson,25,5.2,2.3,39.6,0.2,31.3,0.4,84.6,0.7,0.5,0.3,0.1,0.6,0
O.J. Mayo,82,38,18.5,43.8,1.8,38.4,3,87.9,3.8,3.2,1.1,0.2,2.8,1
Derrick Rose,81,37,16.8,47.5,0.2,22.2,2.4,78.8,3.9,6.3,0.8,0.2,2.5,1
Eric Gordon,78,34.3,16.1,45.6,1.7,38.9,3.8,85.4,2.6,2.8,1,0.5,2.1,1
Russell Westbrook,82,32.5,15.3,39.8,0.4,27.1,4.3,81.5,4.9,5.3,1.3,0.2,3.3,1
Mario Chalmers,82,32,10,42,1.4,36.7,1.8,76.7,2.8,4.9,1.9,0.1,2,1
Brook Lopez,82,30.5,13,53.1,0,0,2.1,79.3,8.1,1,0.5,1.8,1.8,1
Jason Thompson,82,28.1,11.1,49.7,0,0,2.4,69.2,7.4,1.1,0.6,0.7,1.8,1
D.J. Augustin,72,26.5,11.8,43,1.5,43.9,2.9,89.3,1.8,3.5,0.6,0,1.6,1
Justise Winslow,78,28.6,6.4,42.2,0.4,27.6,1,68.4,5.2,1.5,0.9,0.3,1.2,0
Kevin Love,81,25.3,11.1,45.9,0,10.5,3.3,78.9,9.1,1,0.4,0.6,1.5,1
Courtney Lee,77,25.2,8.4,45,1.1,40.4,1,83,2.3,1.2,1,0.2,0.9,1
Michael Beasley,81,24.8,13.9,47.2,0.4,40.7,2.3,77.2,5.4,1,0.5,0.5,1.5,1
Brandon Rush,75,24,8.1,42.3,1,37.3,0.6,69.7,3.1,0.9,0.5,0.5,1,1
Anthony Morrow,67,22.6,10.1,47.8,1.3,46.7,1.2,87,3,1.2,0.5,0.2,0.8,1
Greg Oden,61,21.5,8.9,56.4,0,0,2.4,63.7,7,0.5,0.4,1.1,1.4,0
Kyle Weaver,56,20.8,5.3,45.9,0.6,34.4,0.7,70.7,2.3,1.8,0.8,0.5,1.2,0
Ryan Anderson,66,19.9,7.4,39.3,1,36.5,1.5,84.5,4.7,0.8,0.7,0.3,0.9,1
Darrell Arthur,76,19.3,5.6,43.8,0,0,0.5,66.7,4.6,0.6,0.7,0.7,0.6,1
George Hill,77,16.5,5.7,40.3,0.3,32.9,1.5,78.1,2.1,1.8,0.6,0.3,1,1
Marreese Speights,79,16,7.7,50.2,0,25,1.3,77.3,3.7,0.4,0.3,0.7,0.6,1
JaVale McGee,75,15.2,6.5,49.4,0,0,1.4,66,3.9,0.3,0.4,1,0.8,1
Mike Taylor,51,15.1,5.7,41.2,0.3,32.5,1.1,69.1,1.7,2.1,0.7,0,1.4,0
DeAndre Jordan,53,14.5,4.3,63.3,0,0,0.8,38.5,4.5,0.2,0.2,1.1,0.8,1
Roy Hibbert,70,14.4,7.1,47.1,0,0,1.4,66.7,3.5,0.7,0.3,1.1,0.8,1
Bobby Brown,68,13.7,5.3,39.2,0.7,34.6,0.5,79.1,0.8,1.7,0.3,0,0.9,0
D'Angelo Russell,80,28.2,13.2,41,1.6,35.1,1.8,73.7,3.4,3.3,1.2,0.2,2.5,0
Chris Douglas-Roberts,44,13.3,4.9,46,0.1,25,1.2,82.3,1.1,1.2,0.3,0.2,0.7,1
Jerryd Bayless,53,12.4,4.3,36.5,0.1,25.9,1.6,80.6,1.1,1.5,0.3,0,1.1,1
Cory Alexander,59,12.1,4.7,41.6,0.3,34.8,1,69.9,1.9,0.7,0.3,0.5,0.9,1
Cory Alexander,60,9.3,2.8,40.6,0.4,39.4,0.3,64,0.7,2,0.5,0,1.1,1
Kosta Koufos,48,11.8,4.7,50.8,0,0,0.8,70.6,2.9,0.4,0.3,0.7,0.5,1
Rob Kurz,40,11.1,3.9,38.9,0.4,39.5,1,80,2,0.5,0.3,0.5,0.4,0
Anthony Tolliver,19,10.9,2.7,29.2,0.5,22,0.3,50,2.2,0.9,0.3,0.1,0.4,1
Devin Booker,76,27.7,13.8,42.3,1.3,34.3,2.8,84,2.5,2.6,0.6,0.3,2.1,0
Robin Lopez,60,10.2,3.1,51.8,0,0,0.8,69.1,2,0.1,0.2,0.7,0.5,1
Darnell Jackson,51,8.4,1.9,43,0,0,0.5,68.6,1.7,0.2,0.2,0.1,0.3,0
Sean Singletary,37,8.2,2.4,36.5,0.3,40,0.5,85.7,0.9,0.8,0.3,0,0.6,0
Kevin Durant,80,34.6,20.3,43,0.7,28.8,4.9,87.3,4.3,2.4,1,0.9,2.9,1
Jeff Green,80,28.2,10.5,42.7,0.3,27.6,2.2,74.4,4.7,1.5,0.6,0.6,2,1
Jamario Moon,78,27.8,8.5,48.5,0.5,32.8,0.8,74.1,6.2,1.2,1,1.4,0.7,1
Al Thornton,79,27.3,12.7,42.9,0.5,33.1,2.7,74.3,4.5,1.2,0.6,0.5,1.6,0
Mike Conley,53,26.1,9.4,42.8,0.6,33,1.7,73.2,2.6,4.2,0.8,0,1.7,1
Stanley Johnson,73,23.1,8.1,37.5,0.9,30.7,1.1,78.4,4.2,1.6,0.8,0.2,1.6,0
Daequan Cook,59,24.4,8.8,38.1,1.3,33.2,0.8,82.5,3,1.3,0.4,0.1,1.1,1
Corey Brewer,79,22.8,5.8,37.4,0.1,19.4,1.1,80,3.7,1.4,1,0.3,1.1,1
Thaddeus Young,74,21,8.2,53.9,0.1,31.6,1,73.8,4.2,0.8,1,0.1,0.9,1
Joakim Noah,74,20.7,6.6,48.2,0,0,1.8,69.1,5.6,1.1,0.9,0.9,1.2,1
Wilson Chandler,35,19.6,7.3,43.8,0.3,30,1,63,3.6,0.9,0.4,0.5,0.8,1
Rodney Stuckey,57,19,7.6,40.1,0.1,18.8,2.2,81.4,2.3,2.8,0.9,0.1,1.4,1
Jared Dudley,73,19,5.8,46.8,0.1,22,1.2,73.7,3.9,1.1,0.8,0.1,0.7,1
Sean Williams,73,17.5,5.6,53.8,0,0,1.1,60.9,4.4,0.4,0.4,1.4,1,0
Myles Turner,60,22.8,10.3,49.8,0.1,21.4,1.5,72.7,5.5,0.7,0.4,1.4,1.1,0
Carl Landry,42,16.9,8.1,61.6,0,0,1.7,66.1,4.9,0.5,0.4,0.2,0.6,1
Acie Law,56,15.4,4.2,40.1,0.1,20.6,0.7,79.2,1,2,0.5,0,1,0
Nick Young,75,15.4,7.5,43.9,0.5,40,1.3,81.5,1.5,0.8,0.5,0.1,1.3,1
Jason Smith,76,14.6,4.5,45.5,0.1,28.6,0.7,65.9,3,0.3,0.3,0.7,0.6,1
Glen Davis,69,13.6,4.5,48.4,0,0,1.4,66,3,0.4,0.5,0.3,0.9,1
Javaris Crittenton,50,13.6,5.6,42.1,0.2,27,1.4,69.2,2.2,1,0.4,0,1.1,0
Spencer Hawes,71,13.1,4.7,45.9,0.1,19,0.5,65.5,3.2,0.6,0.2,0.6,0.8,1
Arron Afflalo,75,12.9,3.7,41.1,0.1,20.8,0.9,78.2,1.8,0.7,0.4,0.1,0.5,1
Aaron Brooks,51,11.9,5.2,41.3,0.7,33,0.8,85.7,1.1,1.7,0.3,0.1,0.9,1
C.J. Watson,32,11.5,3.7,42.6,0.3,34.6,0.7,79.3,1,1.1,0.5,0,0.6,1
Julian Wright,57,11.2,3.9,53.3,0.2,41.7,0.6,63.5,2.1,0.7,0.5,0.2,0.6,0
Chris Richard,52,10.7,1.9,47.1,0,0,0.3,59.3,2.6,0.3,0.2,0.2,0.5,0
Nick Fazekas,26,10.3,4.1,56.1,0,0,0.6,68.2,3.4,0.4,0.3,0.4,0.5,0
Aaron Gray,61,10,4.3,50.5,0,0,0.9,56.6,2.8,0.7,0.3,0.3,0.9,1
Dominic McGuire,70,9.9,1.3,37.9,0,16.7,0.2,43.8,2,0.6,0.3,0.4,0.6,1
Brandan Wright,38,9.9,4,55.4,0,0,0.7,67.5,2.6,0.2,0.2,0.6,0.3,1
Jermareo Davidson,38,8.5,3.2,40.8,0,0,0.5,64.3,1.6,0.3,0.2,0.4,0.5,0
Mario West,64,4.2,0.9,42.9,0,0,0.3,65.4,0.8,0.2,0.2,0.1,0.1,0
Demetris Nichols,14,3.1,1.1,26.1,0.2,23.1,0,0,0.4,0.1,0,0.2,0.3,0
Willie Cauley-Stein,66,21.4,7,56.3,0,0,1.2,64.8,5.3,0.6,0.7,1,0.7,0
Brandon Roy,57,35.4,16.8,45.6,1,37.7,3.5,83.8,4.4,4,1.2,0.2,2,1
Adam Morrison,78,29.8,11.8,37.6,1.1,33.7,1.5,71,2.9,2.1,0.4,0.1,1.7,0
Rudy Gay,78,27,10.8,42.2,0.7,36.4,1.9,72.7,4.5,1.3,0.9,0.9,1.8,1
Rajon Rondo,78,23.5,6.4,41.8,0.1,20.7,1.5,64.7,3.7,3.8,1.6,0.1,1.8,1
Randy Foye,82,22.9,10.1,43.4,0.8,36.8,2,85.4,2.7,2.8,0.7,0.3,1.9,1
LaMarcus Aldridge,63,22.1,9,50.3,0,0,1.3,72.2,5,0.4,0.3,1.2,0.7,1
Tarence Kinsey,48,20.1,7.7,45.7,0.3,28.3,1.6,79.6,2,0.9,1.1,0,1,0
Josh Richardson,52,21.3,6.6,45.2,1,46.1,0.8,66.7,2.1,1.4,0.7,0.5,0.7,0
Craig Smith,82,18.7,7.4,53.1,0,0,1.4,62.4,5.1,0.6,0.6,0.2,0.9,1
Shelden Williams,81,18.7,5.5,45.5,0,50,1.4,76.4,5.4,0.5,0.6,0.5,1.2,1
Paul Millsap,82,18,6.8,52.5,0,33.3,1.7,67.3,5.2,0.8,0.8,0.9,1.1,1
Rodney Carney,67,17.4,6.6,46.4,0.4,34.7,0.8,60.9,1.9,0.4,0.6,0.3,0.6,1
Marcus Williams,79,16.6,6.8,39.5,0.6,28.2,0.9,84.7,2.1,3.3,0.4,0,1.8,0
Marcus Williams,79,16.6,6.8,39.5,0.6,28.2,0.9,84.7,2.1,3.3,0.4,0,1.8,0
Daniel Gibson,60,16.5,4.6,42.4,0.9,41.9,0.5,71.8,1.5,1.2,0.4,0.1,0.7,1
Renaldo Balkman,68,15.6,4.9,50.5,0.1,18.5,0.8,56.7,4.3,0.6,0.8,0.7,0.7,1
Rondae Hollis-Jefferson,29,21.2,5.8,45.7,0.1,28.6,1.3,71.2,5.3,1.5,1.3,0.6,0.9,0
Jordan Farmar,72,15.1,4.4,42.2,0.6,32.8,0.4,71.1,1.7,1.9,0.6,0.1,1,1
Allan Ray,47,15.1,6.2,38.6,1,41.4,0.9,76.4,1.5,0.9,0.4,0.1,0.9,0
Mardy Collins,52,14.9,4.5,38.2,0.3,27.7,0.9,58.5,2,1.6,0.6,0.1,1.1,0
J.J. Redick,42,14.8,6,41,0.9,38.8,1.3,90,1.2,0.9,0.3,0,0.5,1
Tyrus Thomas,72,13.4,5.2,47.5,0,0,1.5,60.6,3.7,0.6,0.6,1.1,1.3,1
Alexander Johnson,59,12.8,4.4,53.8,0,0,1.3,66.1,3.1,0.3,0.4,0.6,0.8,0
Cedric Simmons,43,12.4,2.9,41.7,0,0,0.4,48.5,2.5,0.3,0.2,0.5,0.5,0
Frank Kaminsky,81,21.1,7.5,41,0.8,33.7,1.3,73,4.1,1.2,0.5,0.5,0.7,0
Shawne Williams,46,12.1,3.9,46.9,0.4,36.5,0.2,55,1.8,0.5,0.1,0.2,0.5,1
Ronnie Brewer,56,12.1,4.6,52.8,0,0,1,67.5,1.3,0.4,0.7,0.1,0.4,1
David Noel,68,11.6,2.7,36.7,0.3,32.1,0.5,86,1.8,1,0.4,0.1,0.6,0
Solomon Jones,58,11.5,3.3,50.8,0,0,1,78.7,2.3,0.2,0.2,0.7,0.4,1
Leon Powe,63,11.4,4.2,44.6,0,0,1.7,73.6,3.4,0.2,0.2,0.3,0.8,1
Hilton Armstrong,56,11.3,3.1,54.4,0,0,0.7,59.7,2.7,0.2,0.2,0.5,0.6,1
Josh Boone,61,11,4.2,57.9,0,0,0.9,54.4,2.9,0.2,0.2,0.3,0.5,0
Lynn Greer,41,10.5,4.1,43.3,0.4,34.6,0.7,84.4,0.7,1.3,0.4,0,0.4,0
Chris Quinn,42,9.7,3.4,36.6,0.5,35.1,0.6,67.6,0.7,1.5,0.4,0,0.5,1
Anthony Brown,29,20.7,4,31,0.7,28.6,0.6,85,2.4,0.7,0.5,0.2,0.5,0
Quincy Douby,42,8.5,2.8,38.1,0.3,24,0.3,73.3,0.9,0.4,0.4,0.1,0.4,0
Hassan Adams,61,8.1,2.9,55.6,0,0,0.4,66.7,1.3,0.2,0.3,0.1,0.4,0
Bobby Jones,44,7.6,2.5,46.2,0,11.1,0.5,56.1,1.3,0.4,0.3,0,0.4,1
Bobby Jones,44,7.6,2.5,46.2,0,11.1,0.5,56.1,1.3,0.4,0.3,0,0.4,0
Andre Brown,38,7.1,2.4,56.8,0,0,0.2,60,1.9,0.1,0.2,0.1,0.8,0
Steve Novak,35,5.5,1.5,36,0.4,33.3,0.1,100,0.7,0.2,0.1,0,0.1,1
Chris Paul,78,36,16.1,43,0.6,28.2,5.1,84.7,5.1,7.8,2.2,0.1,2.4,1
Raymond Felton,80,30.1,11.9,39.1,1.2,35.8,2,72.5,3.3,5.6,1.3,0.1,2.3,1
Charlie Villanueva,81,29.1,13,46.3,0.9,32.7,1.4,70.6,6.4,1.1,0.7,0.8,1.2,1
Luther Head,80,28.9,8.8,40.3,1.4,36.1,1.1,69.9,3.3,2.7,1.1,0.1,1.5,1
Deron Williams,80,28.8,10.8,42.1,1.1,41.6,1.2,70.4,2.4,4.5,0.8,0.2,1.8,1
Larry Nance Jr.,63,20.1,5.5,52.7,0,10,0.5,68.1,5,0.7,0.9,0.4,0.7,0
Marvin Williams,79,24.7,8.5,44.3,0.2,24.5,2.4,74.7,4.8,0.8,0.6,0.3,1.1,1
Channing Frye,65,24.2,12.3,47.7,0,33.3,2.9,82.5,5.8,0.8,0.5,0.7,1.5,1
Danny Granger,78,22.6,7.5,46.2,0.4,32.3,1.5,77.7,4.9,1.2,0.7,0.8,1,1
Ryan Gomes,61,22.6,7.6,48.7,0,33.3,1.8,75.2,4.9,1,0.6,0.1,0.9,1
Nate Robinson,72,21.4,9.3,40.7,0.8,39.7,2.1,75.2,2.3,2,0.8,0,1.6,1
Salim Stoudamire,61,20.3,9.7,41.5,1.3,38,1.6,90,1.9,1.2,0.4,0.1,1.3,0
Jarrett Jack,79,20.2,6.7,44.2,0.3,26.3,1.6,80,2,2.8,0.5,0,1.3,1
T.J. McConnell,81,19.8,6.1,47,0.4,34.8,0.3,63.4,3.1,4.5,1.2,0.1,1.7,0
Joey Graham,80,19.8,6.7,47.8,0.4,33.3,1.4,81.2,3.1,0.8,0.5,0.2,1.1,1
Monta Ellis,49,18.1,6.8,41.5,0.6,34.1,0.9,71.2,2.1,1.6,0.7,0.2,1.2,1
Martell Webster,61,17.5,6.6,39.9,1.1,35.7,1,85.9,2.1,0.6,0.3,0.2,0.7,1
Rashad McCants,79,17.2,7.9,45,0.8,37.2,1,73.6,1.8,0.8,0.6,0.3,1.1,0
David Lee,67,16.9,5.1,59.6,0,0,1.1,57.7,4.5,0.6,0.5,0.3,0.8,1
David Lee,67,16.9,5.1,59.6,0,0,1.1,57.7,4.5,0.6,0.5,0.3,0.8,0
Alan Anderson,36,15.7,5.8,41.4,0.7,41.4,0.9,80.5,1.9,0.9,0.3,0.1,0.9,1
Orien Greene,80,15.4,3.2,39.5,0.1,22.5,0.6,66.2,1.8,1.6,1,0.1,1.4,0
Ike Diogu,69,14.9,7,52.4,0,0,2,81,3.3,0.4,0.2,0.4,1.1,1
Daniel Ewing,66,14.7,3.8,38,0.3,28.2,0.5,78.3,1.3,1.3,0.6,0.1,0.9,0
Gerald Fitch,18,13.3,4.7,33.7,0.4,26.9,0.9,73.9,1.7,1.8,0.4,0.3,0.8,0
James Singleton,59,12.8,3.4,51,0.2,50,0.7,78,3.3,0.5,0.3,0.4,0.5,1
Josh Powell,37,11.6,3,45.7,0,0,1,80,2.2,0.2,0.2,0.1,0.6,1
Hakim Warrick,68,10.6,4.1,44.3,0,0,1.1,66.1,2.1,0.4,0.2,0.3,0.8,1
Wayne Simien,43,9.6,3.4,48.3,0,0,0.7,88.2,2,0.2,0.3,0,0.6,0
Antoine Wright,39,9.5,1.8,35.8,0,6.7,0.3,50,0.8,0.3,0.1,0.1,0.5,1
Donell Taylor,51,9.1,2.7,39,0.1,23.5,0.6,69.8,1,0.9,0.6,0.1,0.7,0
C.J. Miles,23,8.8,3.4,36.8,0.2,25,0.8,75,1.7,0.7,0.3,0.1,0.4,1
Malcolm Brogdon,32,22.9,8.3,46.2,0.9,44.1,0.9,85.7,2.5,3.6,1,0.1,1.5,0
Kevin Burleson,39,8.7,1.8,25,0.3,18.5,0.4,94.1,0.7,1.2,0.7,0.1,0.6,0
Shavlik Randolph,57,8.5,2.3,45.4,0,0,0.8,60.6,2.3,0.3,0.3,0.2,0.4,1
Andrew Bynum,46,7.3,1.6,40.2,0,0,0.2,29.6,1.7,0.2,0.1,0.5,0.4,1
Lawrence Roberts,33,5.5,1.5,45.5,0,0,0.3,47.8,1.5,0.2,0.2,0.1,0.1,0
Emeka Okafor,73,35.6,15.1,44.7,0,0,2.9,60.9,10.9,0.9,0.8,1.7,1.7,1
Andre Iguodala,82,32.8,9,49.3,0.6,33.1,1.9,74.3,5.7,3,1.7,0.6,1.7,1
Dwight Howard,82,32.6,12,52,0,0,3.4,67.1,10,0.9,0.9,1.7,2,1
Josh Childress,80,29.7,10.1,47,0.2,23.2,2.4,82.3,6,1.9,0.9,0.4,1.3,1
Josh Smith,74,27.7,9.7,45.5,0.1,17.4,2.2,68.8,6.2,1.7,0.8,1.9,1.8,1
Chris Duhon,82,26.5,5.9,35.2,1.1,35.5,0.6,73.1,2.6,4.9,1,0,1.4,1
J.R. Smith,76,24.5,10.3,39.4,1.1,28.8,1.5,68.9,2,1.9,0.7,0.1,1.4,1
Quinton Ross,78,21.3,5.1,43.2,0,25,0.9,67.3,2.7,1.4,0.7,0.3,0.7,1
Jameer Nelson,79,20.4,8.7,45.5,0.6,31.2,0.9,68.2,2.4,3,1,0,1.5,1
Bobby Portis,62,17.8,7,42.7,0.3,30.8,0.8,72.7,5.4,0.8,0.4,0.3,0.9,0
Sebastian Telfair,68,19.6,6.8,39.3,0.3,24.6,1.5,78.9,1.5,3.3,0.5,0.1,1.8,1
Matt Freije,23,19.2,4,29.1,0.6,25.9,0.2,62.5,2.7,0.9,0.6,0.1,0.7,0
Matt Bonner,82,18.9,7.2,53.3,0.5,42.4,0.7,78.9,3.5,0.6,0.5,0.2,0.5,1
David Harrison,43,17.7,6.1,57.6,0,0,1.2,57.1,3.1,0.3,0.4,1.3,1.2,0
Trevor Ariza,80,17.3,5.9,44.2,0,23.1,1.5,69.5,3,1.1,0.9,0.2,0.9,1
Nick Collison,82,17,5.6,53.7,0,0,1,70.3,4.6,0.4,0.4,0.6,0.8,1
Tony Allen,77,16.4,6.4,47.5,0.2,38.7,1.5,73.7,2.9,0.8,1,0.3,1,1
Devin Harris,76,15.4,5.7,42.9,0.6,33.6,1,75.7,1.3,2.2,1,0.3,1.1,1
Jackson Vroman,46,15.3,4.6,41.2,0,0,1,64,3.8,0.9,0.5,0.4,1.4,0
Al Jefferson,71,14.8,6.7,52.8,0,0,1.2,63,4.4,0.3,0.3,0.8,0.9,1
Billy Thomas,25,14.2,3.7,36.2,0.7,30.4,0.3,77.8,1.4,0.7,0.6,0,0.4,0
Kirk Snyder,68,13.3,5,37.2,0.4,35.3,0.9,66.7,1.8,0.5,0.4,0.3,0.8,0
Royal Ivey,62,13,3.5,42.9,0,33.3,0.8,70.1,1.4,1.7,0.6,0.1,0.9,1
Kris Humphries,67,13,4.1,40.4,0,33.3,0.7,43.6,2.9,0.6,0.4,0.3,0.8,1
Delonte West,39,13,4.5,42.6,0.6,35.8,0.5,70.4,1.7,1.4,0.5,0.2,0.6,1
Andre Barrett,38,12.7,3.1,36.3,0.4,26.9,0.4,73.7,1.1,1.8,0.5,0,0.7,0
Lionel Chalmers,36,12,3.1,33.6,0.3,24.5,0.4,62.5,0.9,1.4,0.4,0,0.7,0
Jerian Grant,76,16.6,5.6,39.4,0.3,22,1.3,78,1.9,2.3,0.7,0.1,1.1,0
Donta Smith,38,11.4,3.3,38.9,0.2,27.3,0.9,68.8,1.4,1,0.6,0.1,0.7,0
James Thomas,11,10.6,2.4,60,0,0,0.2,33.3,3.4,0.4,0.4,0.4,0.6,0
Kevin Martin,45,10.1,2.9,38.5,0.1,20,0.8,65.5,1.3,0.5,0.4,0.1,0.5,1
LeBron James,79,39.5,20.9,41.7,0.8,29,4.4,75.4,5.5,5.9,1.6,0.7,3.5,1
Carmelo Anthony,82,36.5,21,42.6,0.8,32.2,5,77.7,6.1,2.8,1.2,0.5,3,1
Kirk Hinrich,76,35.6,12,38.6,1.9,39,1.8,80.4,3.4,6.8,1.3,0.3,2.7,1
Dwyane Wade,61,34.9,16.2,46.5,0.3,30.2,3.8,74.7,4,4.5,1.4,0.6,3.2,1
Chris Bosh,75,33.5,11.5,45.9,0.1,35.7,2.7,70.1,7.4,1,0.8,1.4,1.4,1
Jarvis Hayes,70,29.2,9.6,40,0.6,30.5,1.1,78.6,3.8,1.5,1,0.2,1.6,1
T.J. Ford,55,26.8,7.1,38.4,0.1,23.8,1.5,81.6,3.2,6.5,1.1,0.1,2.5,1
Keith Bogans,73,24.5,6.8,40.3,0.9,35.8,0.9,63.1,4.3,1.3,0.6,0.1,1,1
Udonis Haslem,75,23.9,7.3,45.9,0,0,1.9,76.5,6.3,0.7,0.4,0.3,1,1
Josh Howard,67,23.7,8.6,43,0.3,30.3,1.4,70.3,5.5,1.4,1,0.8,1,1
Chris Kaman,82,22.5,6.1,46,0,0,1.2,69.7,5.6,1,0.3,0.9,1.9,1
Tyus Jones,37,15.5,4.2,35.9,0.4,30.2,0.8,71.8,1.3,2.9,0.8,0.1,0.9,0
Matt Barnes,38,19.1,4.5,45.7,0.1,15.4,1.1,70.5,4,1.3,0.7,0.1,1.2,1
Ronald Dupree,47,19,6.2,39.4,0.1,44.4,1.4,62.9,3.6,1.2,0.7,0.4,1.1,1
Steve Blake,75,18.6,5.9,38.6,1,37.1,0.7,82.1,1.6,2.8,0.8,0.1,1.7,1
Marquis Daniels,56,18.6,8.5,49.4,0.2,30.6,1.1,76.9,2.6,2.1,0.9,0.2,0.8,1
Linton Johnson,41,17.9,4.2,35.5,0.2,21.2,0.5,59.5,4.5,0.7,0.9,0.8,0.9,1
Marcus Banks,81,17.1,5.9,40,0.3,31.4,1.2,75.6,1.6,2.2,1.1,0.2,1.5,1
Luke Ridnour,69,16.1,5.5,41.4,0.4,33.8,0.9,82.3,1.6,2.4,0.8,0.1,1.2,1
Willie Green,53,14.5,6.9,40.1,0.4,31.1,1.1,72.8,1.2,1,0.5,0.1,1.1,1
Chris McCullough,24,15.1,4.7,40.4,0.5,38.2,0.5,47.8,2.8,0.4,1.2,0.5,0.6,0
Mo Williams,57,13.5,5,38,0.2,25.6,0.8,78.6,1.3,1.3,0.5,0,0.9,1
David West,71,13.1,3.8,47.4,0,0,0.8,71.3,4.2,0.8,0.4,0.4,0.7,1
Brian Cook,35,12.6,4.4,47.5,0,0,0.6,75,2.9,0.6,0.5,0.5,0.5,1
Travis Hansen,41,12.4,3,35.4,0.2,30,0.5,81.5,1.7,0.5,0.2,0.2,0.4,0
Kyle Korver,74,11.9,4.5,35.2,1.1,39.1,0.3,79.2,1.5,0.5,0.3,0.1,0.6,1
Norman Powell,49,14.8,5.6,42.4,0.7,40.4,0.9,81.1,2.3,1,0.6,0.2,0.7,0
Brandon Hunter,36,11.3,3.5,45.7,0,0,0.5,44.2,3.3,0.5,0.4,0,0.6,0
Jason Kapono,41,10.4,3.5,40.3,0.5,47.7,0.5,83.3,1.3,0.3,0.3,0.1,0.5,1
Luke Walton,72,10.1,2.4,42.5,0.2,33.3,0.4,70.5,1.8,1.6,0.4,0.1,0.6,1
Reece Gaines,38,9.6,1.8,29.1,0.1,30,0.4,64,1,1.1,0.3,0.1,0.5,0
Richie Frahm,54,8.7,3.4,45.3,0.6,37,0.4,88.5,1,0.4,0.3,0.1,0.1,0
Matt Carroll,16,4.4,1.2,43.8,0.1,33.3,0.3,66.7,0.4,0.1,0.1,0,0.4,1
Caron Butler,78,36.6,15.4,41.6,0.4,31.8,4,82.4,5.1,2.7,1.8,0.4,2.5,1
Jonathon Simmons,55,14.8,6,50.4,0.3,38.3,1.3,75,1.7,1.1,0.4,0.1,1,0
Amar'e Stoudemire,82,31.3,13.5,47.2,0,20,3.9,66.1,8.8,1,0.8,1.1,2.3,1
Dajuan Wagner,47,29.5,13.4,36.9,1.2,31.6,2.7,80,1.7,2.8,0.8,0.1,1.8,0
Drew Gooden,70,26.8,12.5,45.7,0.2,29.2,2.2,71.2,6.5,1.2,0.8,0.5,2.1,1
Jay Williams,75,26.1,9.5,39.9,0.9,32.2,1.4,64,2.6,4.7,1.1,0.2,2.3,0
Carlos Rogers,81,25.3,10,53.6,0,0,1.8,77.1,7.5,1.3,0.7,0.6,1.3,1
Carlos Rogers,49,20.8,8.9,52.9,0,14.3,1.6,52.1,5.7,0.8,0.5,1.1,1.7,1
Junior Harrington,82,24.4,5.1,36.2,0.1,25,0.9,65.2,3,3.4,1,0.2,1.9,0
J.R. Bremer,64,23.5,8.3,36.9,1.6,35.3,1.3,76.6,2.3,2.6,0.6,0.1,0.9,0
Dorian Finney-Smith,33,22.8,5.2,40.5,0.9,32.3,0.6,76,2.8,1,0.6,0.3,0.7,0
Rashad Vaughn,70,14.3,3.1,30.5,0.6,29.3,0.2,80,1.3,0.6,0.4,0.2,0.4,0
Vincent Yarbrough,59,23.4,6.9,39.3,0.4,26.9,0.8,79,2.7,2.2,1,0.6,1.4,0
Rasual Butler,72,21,7.5,36.2,0.7,29.2,1.1,73.1,2.6,1.3,0.3,0.6,1.1,1
Reggie Evans,67,20.4,3.2,47.1,0,0,1.2,51.9,6.6,0.5,0.6,0.2,0.8,1
Smush Parker,66,16.7,6.2,40.2,0.6,32.2,1.5,83.1,1.8,2.5,0.7,0.2,2,1
Mike Batiste,75,16.6,6.4,42.2,0.2,22.2,0.9,78.4,3.4,0.7,0.6,0.2,0.9,0
Mike Dunleavy,82,15.9,5.7,40.3,0.6,34.7,1,78,2.6,1.3,0.7,0.2,1.1,1
Mike Dunleavy,82,15.9,5.7,40.3,0.6,34.7,1,78,2.6,1.3,0.7,0.2,1.1,1
Jarell Martin,27,14.1,5.7,46.6,0,0,1.7,72.6,3.2,0.6,0.3,0.3,0.7,0
Casey Jacobsen,72,15.9,5.1,37.3,0.7,31.5,1,68.6,1.2,1,0.5,0.1,0.8,0
Juan Dixon,42,15.4,6.4,38.4,0.6,29.8,0.9,80.4,1.7,1,0.6,0.1,1,1
Melvin Ely,52,15.4,4.5,49.5,0,0,1,70.3,3.3,0.3,0.2,0.6,1,1
Mike Wilks,46,15,3.2,33.8,0.2,28.6,0.8,78.7,1.5,2,0.6,0.1,0.6,1
Sean Lampley,35,13.9,4.8,43.4,0,0,1.6,69.5,2.4,0.9,0.2,0.1,0.7,0
Chris Jefferies,51,13.1,3.9,38.7,0.4,33.3,0.6,67.4,1.2,0.4,0.4,0.3,0.9,0
Lonny Baxter,55,12.4,4.8,46.6,0,0,1.3,68,3,0.3,0.2,0.4,0.8,0
Juaquin Hawkins,58,11.8,2.3,38.5,0.2,41.7,0.2,50,1.3,0.8,0.5,0.1,0.5,0
Richaun Holmes,51,13.8,5.6,51.4,0.2,18.2,1,68.9,2.6,0.6,0.4,0.8,0.6,0
Kareem Rush,76,11.5,3,39.3,0.3,27.9,0.2,69.6,1.2,0.9,0.1,0.1,0.8,1
Marcus Haislip,39,11.3,4.1,43.1,0.1,25,0.7,68.4,1.4,0.2,0.2,0.5,0.5,0
Chris Wilcox,46,10.4,3.7,52.1,0,0,0.5,50,2.3,0.5,0.1,0.3,0.6,1
Dan Dickau,50,10.3,3.7,41.2,0.4,36.1,0.4,80.8,0.9,1.7,0.3,0,1.1,1
Tayshaun Prince,42,10.4,3.3,44.9,0.5,42.6,0.3,64.7,1.1,0.6,0.2,0.3,0.5,1
Ryan Humphrey,48,9.3,1.9,29.2,0,0,0.5,59,2.1,0.2,0.2,0.4,0.5,0
John Salmons,64,7.9,2.1,41.4,0.2,32.3,0.4,74.3,0.9,0.7,0.3,0.1,0.5,1
Tamar Slay,36,7.6,2.6,37.9,0.2,28,0.2,70,0.9,0.4,0.4,0.1,0.6,0
Qyntel Woods,53,6.3,2.4,50,0.1,33.3,0.1,35,1,0.2,0.3,0,0.4,0
Cameron Payne,57,12.2,5,41,0.6,32.4,0.3,79.2,1.5,1.9,0.6,0.1,0.8,0
Adam Harrington,19,5.8,1.6,29.7,0.3,35.7,0.2,75,0.4,0.6,0.1,0.1,0.1,0
Shane Battier,78,39.7,14.4,42.9,1.3,37.3,2.5,70,5.4,2.8,1.6,1,2,1
Jason Richardson,80,32.9,14.4,42.6,1,33.3,1.8,67.1,4.3,3,1.3,0.4,2,1
Jamaal Tinsley,80,30.5,9.4,38,0.5,24,1.6,70.4,3.7,8.1,1.7,0.5,3.4,1
Sonny Parker,77,29.4,9.2,41.9,0.8,32.3,1.4,67.5,2.6,4.3,1.2,0.1,2,1
Trenton Hassell,78,28.7,8.7,42.5,0.8,36.4,1.1,76.3,3.3,2.2,0.7,0.6,1.3,1
Justin Anderson,55,11.8,3.8,40.6,0.4,26.5,0.8,80,2.4,0.5,0.3,0.5,0.4,0
Eddie Griffin,73,26,8.8,36.6,1.2,33,0.9,74.4,5.7,0.7,0.2,1.8,0.6,1
Joe Johnson,77,24.9,7.5,43,0.5,29.2,0.5,77.4,3.3,2.3,0.8,0.3,0.9,1
Gilbert Arenas,47,24.6,10.9,45.3,0.8,34.5,2.6,77.5,2.8,3.7,1.5,0.2,2.1,1
Richard Jefferson,79,24.3,9.4,45.7,0.2,23.2,2.4,71.3,3.7,1.8,0.8,0.6,1.4,1
Speedy Claxton,67,22.8,7.2,40,0.1,12.1,1.7,83.8,2.4,3,1.4,0.1,1.4,1
Jarron Collins,70,20.6,6.4,46.1,0,0,1.9,74,4.2,0.8,0.4,0.3,0.8,1
Brendan Haywood,62,20.4,5.1,49.3,0,0,1.6,60.6,5.2,0.5,0.3,1.5,0.8,1
Tyson Chandler,71,19.6,6.1,49.7,0,0,1.9,60.4,4.8,0.8,0.4,1.3,1.4,1
Jason Collins,77,18.3,4.5,42.1,0,50,1.5,70.1,3.9,1.1,0.4,0.6,0.9,1
Troy Murphy,82,17.7,5.9,42.1,0,33.3,1.5,77.6,3.9,0.9,0.4,0.3,1,1
Terence Morris,68,16.3,3.8,38.4,0.2,19.2,0.3,64.3,3.1,0.9,0.3,0.4,0.7,0
Eddy Curry,72,16,6.7,50.1,0,0,1.5,65.6,3.8,0.3,0.2,0.7,1,1
Kenny Satterfield,36,15.6,5.3,36.7,0.2,25.9,1,78.3,1.4,3,0.9,0,1.5,0
Earl Watson,64,15.1,3.6,45.3,0.3,36.4,0.4,63.9,1.3,2,0.9,0.1,0.8,1
Kwame Brown,57,14.3,4.5,38.7,0,0,1.2,70.7,3.5,0.8,0.3,0.5,0.8,1
Will Solomon,62,14.1,5.2,34.1,0.7,28.4,0.8,67.1,1.1,1.5,0.6,0.1,1,0
Lamar Patterson,35,11.3,2.4,35,0.3,24.5,0.5,72.7,1.4,1.1,0.3,0.1,0.7,0
Etan Thomas,47,13.1,4.3,53.6,0,0,0.9,55.4,3.9,0.1,0.4,0.7,0.6,1
Tierre Brown,40,10.1,3.1,42.6,0.1,33.3,0.5,75,1.1,1.8,0.5,0.1,1,0
Steven Hunter,53,9.7,3.6,45.6,0,0,1,58.5,1.8,0.1,0.1,0.8,0.3,1
Loren Woods,60,8.6,1.8,34.4,0,0,0.7,73.3,2,0.4,0.3,0.6,0.6,1
Alton Ford,53,8.5,3.1,51.7,0,0,0.8,73.7,2,0.1,0.1,0.1,0.6,0
Gerald Wallace,54,8,3.2,42.9,0,0,0.4,50,1.6,0.5,0.3,0.1,0.4,1
Joe Crispin,21,7.4,3.8,38.2,0.7,38.5,0.6,92.3,0.5,1.2,0.2,0,0.5,0
Zach Randolph,41,5.8,2.8,44.9,0,0,0.4,66.7,1.7,0.3,0.2,0.1,0.4,1
Brandon Armstrong,35,5.6,1.8,31.8,0.1,29.4,0.1,50,0.5,0.2,0.2,0,0.2,0
Willie Reed,39,10.9,4.7,57.1,0,0,0.8,54.5,3.1,0.3,0.1,0.8,0.4,0
Kenyon Martin,68,33.4,12,44.5,0,9.1,1.8,63,7.4,1.9,1.1,1.7,2,1
Marc Jackson,48,29.4,13.2,46.7,0.1,21.7,3.2,80.2,7.5,1.2,0.7,0.6,1.9,1
Mike Miller,82,29.1,11.9,43.6,1.8,40.7,1.1,71.1,4,1.7,0.6,0.2,1.2,1
Darius Miles,81,26.3,9.4,50.5,0,5.3,1.5,52.1,5.9,1.2,0.6,1.5,1.8,1
Morris Peterson,80,22.6,9.3,43.1,0.8,38.2,1.3,71.7,3.2,1.3,0.8,0.3,1,1
Chris Porter,51,22.5,8.6,38.9,0,0,1.8,66.7,3.7,1.2,0.9,0.1,1.2,0
Marcus Fizer,72,21.9,9.5,43,0.1,25.6,1.6,72.7,4.3,1.1,0.4,0.3,1.7,1
Stephen Jackson,77,21.6,8.2,42.5,0.7,33.5,1.3,71.9,2.7,1.8,1.1,0.2,1.7,1
Courtney Alexander,65,21.3,9.5,41.7,0.3,37,1.9,82,2.2,1,0.7,0.1,1.1,0
Chris Mihm,59,19.8,7.6,44.2,0,0,1.7,79.4,4.7,0.3,0.3,0.9,1.4,1
Kelly Oubre,63,10.7,3.7,42.7,0.4,31.6,0.5,63.3,2.1,0.2,0.3,0.1,0.5,0
Desmond Mason,78,19.5,5.9,43.1,0.2,26.9,0.9,73.6,3.2,0.8,0.5,0.3,0.7,1
Khalid El-Amin,50,18.7,6.3,37,0.6,33.3,1.1,77.8,1.6,2.9,1,0,1.1,0
Quentin Richardson,76,17.9,8.1,44.2,0.7,33.1,1.3,62.7,3.4,0.8,0.6,0.1,0.8,1
Mark Blount,64,17.2,3.9,50.5,0,0,0.7,69.7,3.6,0.5,0.6,1.2,1,1
Jamal Crawford,61,17.2,4.6,35.2,0.7,35,0.4,79.4,1.5,2.3,0.7,0.2,1.4,1
DerMarr Johnson,78,16.8,5.1,37.4,0.5,32.3,0.8,73.6,2.3,0.8,0.6,0.4,1.2,1
Stromile Swift,80,16.4,4.9,45.1,0,0,1.1,60.3,3.6,0.4,0.8,1,0.8,1
Keyon Dooling,76,16.3,5.9,40.9,0.4,35,1.6,69.8,1.2,2.3,0.5,0.1,1.2,1
Mateen Cleaves,78,16.3,5.4,40,0.1,29.4,1.2,70.8,1.7,2.7,0.6,0,1.8,1
Mike Penberthy,53,16.1,5,41.4,1,39.6,0.5,90.3,1.2,1.3,0.4,0,0.6,0
Lee Nailon,42,11.2,3.9,48.5,0,0,0.8,74.4,2.2,0.6,0.2,0.1,0.6,1
Eddie House,50,11,5,42.1,0.4,34.5,0.5,68.6,0.8,1,0.3,0,0.7,1
Paul McPherson,55,10.8,4.8,50.5,0,16.7,0.8,72.4,1.4,0.7,0.5,0.1,0.8,0
Daniel Santiago,54,10.8,3.1,47.8,0,0,0.8,68.9,1.9,0.2,0.3,0.4,0.9,0
Isaiah Whitehead,25,22.6,6.7,41.3,0.5,28.3,0.9,76.7,2.2,3,0.7,0.5,2.2,0
Darrun Hilliard,38,10.1,4,39.7,0.5,38,0.8,72.5,1.2,0.7,0.2,0,0.5,0
Mark Madsen,70,9.2,2,48.7,0,100,0.4,70.3,2.2,0.3,0.1,0.1,0.4,1
DeShawn Stevenson,40,7.3,2.2,34.1,0,8.3,0.7,68.4,0.7,0.5,0.3,0.1,0.7,1
Elton Brand,81,37,20.1,48.2,0,0,4.5,68.5,10,1.9,0.8,1.6,2.8,1
Lamar Odom,76,36.4,16.6,43.8,0.8,36,4,71.9,7.8,4.2,1.2,1.3,3.4,1
Steve Francis,77,36.1,18,44.5,1.4,34.5,3.7,78.6,5.3,6.6,1.5,0.4,4,1
Metta World Peace,72,31.1,12,40.7,0.8,31.4,2.6,67.4,4.3,2.8,1.6,0.5,2.3,1
Walt Szczerbiak,73,29.7,11.6,51.1,0.4,35.9,1.8,82.6,3.7,2.8,0.8,0.3,1.1,0
Adrian Griffin,72,26.8,6.7,42.4,0.2,28.1,1.7,75.3,5.2,2.5,1.6,0.2,1.3,1
Andre Miller,82,25.5,11.1,44.9,0.1,20.4,2.8,77.4,3.4,5.8,1,0.2,2,1
James Posey,81,25.3,8.2,42.9,1,37.3,1.5,80,3.9,1.8,1.2,0.4,1.2,1
Kenny Thomas,72,25,8.3,39.9,0.4,26.2,1.9,66,6.1,1.6,0.8,0.3,1.6,1
Shawn Marion,51,24.7,10.2,47.1,0.1,18.2,1.4,84.7,6.5,1.4,0.8,1,1,1
Vonteego Cummings,75,23.9,9.4,40.5,0.7,32.5,1.7,75.1,2.5,3.3,1.2,0.2,1.8,0
Anthony Carter,79,23.5,6.3,39.5,0,13,1.2,75,2.5,4.8,1.2,0.1,2.2,1
Jason Terry,81,23.3,8.1,41.5,0.6,29.3,1.4,80.7,2,4.3,1.1,0.1,1.9,1
Chucky Atkins,82,19.8,9.5,42.4,0.7,35,1.2,72.9,1.5,3.7,0.6,0,1.7,1
Richard Hamilton,71,19.3,9,42,0.4,36.4,1.5,77.4,1.8,1.5,0.4,0.1,1.2,1
Greg Buckner,48,19.2,5.7,47.6,0.2,38.5,0.9,68.3,3.6,1.1,0.8,0.4,0.8,1
Langston Galloway,45,32.4,11.8,39.9,1.4,35.2,1.4,80.8,4.2,3.3,1.2,0.3,1.4,0
Baron Davis,82,18.6,5.9,42,0.3,22.5,1.2,63.4,2,3.8,1.2,0.2,1.7,1
Corey Maggette,77,17.8,8.4,47.8,0,18.2,2.5,75.1,3.9,0.8,0.3,0.3,1.8,1
Eddie Robinson,67,16.6,7,54.9,0,0,0.7,73.4,2.7,0.5,0.7,0.4,0.6,1
Michael Ruffin,71,13.7,2.2,42,0,0,0.6,48.9,3.5,0.6,0.4,0.4,0.8,1
Chris Herren,45,13.3,3.1,36.3,0.5,35.8,0.6,67.5,1.2,2.5,0.3,0,0.9,0
Quincy Lewis,74,12.1,3.8,37.2,0.3,36.5,0.5,73.1,1.5,0.5,0.3,0.2,0.6,0
Ryan Bowen,52,11.3,2.5,39.3,0,11.1,0.7,71.7,2.2,0.4,0.8,0.3,0.3,1
Cal Bowdler,46,9.2,2.7,42.6,0,0,0.5,63.2,1.8,0.3,0.3,0.2,0.5,0
Scott Padgett,47,9.2,2.6,31.4,0.3,29.5,0.4,70.4,1.9,0.5,0.3,0.2,0.5,1
Nerlens Noel,75,30.8,9.9,46.2,0,0,1.9,60.9,8.1,1.7,1.8,1.9,1.9,0
Roy Rogers,40,8.9,2.2,39.8,0,0,0.5,46.3,2,0.2,0.1,0.9,0.3,0
William Avery,59,8.2,2.6,30.9,0.3,28.6,0.4,66.7,0.7,1.5,0.2,0,0.7,0
Milt Palacio,53,7.4,2,43.9,0,0,0.4,59.5,1,0.9,0.4,0,0.8,1
Devean George,49,7,3.2,38.9,0.3,34,0.6,65.9,1.5,0.2,0.2,0.1,0.4,1
Lari Ketner,22,6,1.5,40.6,0,0,0.4,66.7,1.5,0,0.2,0.1,0.5,0
Jason Williams,50,36.1,12.8,37.4,2,31,1.6,75.2,3.1,6,1.9,0,2.9,1
Vince Carter,50,35.2,18.3,45,0.4,28.8,4.1,76.1,5.7,3,1.1,1.5,2.2,1
Mike Bibby,50,35.2,13.2,43,0.3,20.3,2.5,75.1,2.7,6.5,1.6,0.1,2.9,1
Paul Pierce,48,34,16.5,43.9,1.8,41.2,2.9,71.3,6.4,2.4,1.7,1,2.4,1
Elfrid Payton,82,30.4,8.9,42.5,0.1,26.2,1.4,55.1,4.3,6.5,1.7,0.2,2.5,0
Michael Dickerson,50,31.2,10.9,46.5,1.4,43.3,0.9,63.9,1.7,1.9,0.5,0.2,1.3,1
Jamie Feick,28,30.4,6.3,50,0,0,1.5,71.7,10.3,0.9,0.9,0.6,1.2,1
Jamie Feick,41,15.2,3.7,35.7,0.1,35.7,0.8,50.7,5.2,0.6,0.4,0.3,0.8,1
Cuttino Mobley,49,29.7,9.9,42.5,1.1,35.8,1.8,81.8,2.3,2.5,0.9,0.5,1.6,1
Tyrone Nesby,50,25.8,10.1,44.9,0.7,36.5,2.1,78.2,3.5,1.6,1.5,0.4,1.1,0
Antawn Jamison,47,22.5,9.6,45.2,0.1,30,1.9,58.8,6.4,0.7,0.8,0.3,1.4,1
Matt Harpring,50,22.3,8.2,46.3,0.2,40,2,71.3,4.3,0.9,0.6,0.1,1.5,1
Jabari Parker,25,29.5,12.3,49,0.2,25,1.8,69.7,5.5,1.7,1.2,0.2,1.9,0
Larry Hughes,50,19.8,9.1,41.1,0.2,15.4,2.1,70.9,3.8,1.5,0.9,0.3,1.4,1
Robert Traylor,49,16,5.3,53.7,0,0,0.9,53.8,3.7,0.8,0.9,0.9,0.9,1
Michael Doleac,49,15.9,6.2,46.8,0,0,1.1,67.5,3,0.4,0.4,0.3,0.5,1
Cory Carr,42,14.9,4.1,32.9,0.1,16.7,0.6,75,1.2,1.6,0.5,0.2,1.1,0
Keon Clark,28,14.6,3.3,45,0,0,0.8,56.8,3.4,0.4,0.4,1.1,0.8,1
Damon Jones,24,14.3,5.2,36.1,1,40.3,0.6,82.4,1.8,1.8,0.5,0,0.7,1
Pat Garrity,39,13.8,5.6,50,0.2,38.9,1,71.4,1.9,0.5,0.2,0.1,0.5,1
Marcus Smart,67,27,7.8,36.7,1.4,33.5,1.2,64.6,3.3,3.1,1.5,0.3,1.3,0
Bryce Drew,34,13,3.5,36.4,0.5,32.7,0.2,100,0.9,1.5,0.3,0.1,0.9,1
Jelani McCoy,26,12.7,5.1,73.7,0,0,0.8,50,3,0.2,0.4,0.8,0.4,1
Brad Miller,38,12.3,6.3,56.5,0,50,2.1,79.4,3.1,0.6,0.2,0.5,0.8,1
Ricky Davis,46,12.1,4.5,40.5,0,16.7,1,76.3,1.8,1.3,0.7,0.1,1.2,1
J.R. Henderson,30,11,3.2,36.5,0.1,40,0.8,55.6,1.6,0.7,0.3,0.1,0.6,0
Corey Benjamin,31,10.3,3.8,37.6,0.1,21.4,0.9,67.5,1.3,0.3,0.3,0.3,0.7,0
Roshown McLeod,34,10.2,4.8,38,0,10,1.1,82.2,1.5,0.4,0.1,0,0.7,0
Earl Boykins,22,10,3,38,0.1,16.7,0.1,66.7,0.8,1.5,0.3,0,0.9,1
Toby Bailey,27,9.2,2.9,39.5,0,20,0.3,69.2,2,0.5,0.3,0.1,0.4,0
Marlon Garnett,24,8.5,2.1,29.4,0.3,26.1,0.6,75,0.9,0.8,0.2,0,0.5,0
Jordan Clarkson,59,25,11.9,44.8,0.6,31.4,2.2,82.9,3.2,3.5,0.9,0.2,1.6,0
Andrae Patterson,35,8.1,3.3,44.3,0,0,0.8,77.8,1.9,0.4,0.5,0.2,0.6,0
Gerald Brown,33,7.2,2.4,37.1,0.1,30,0.3,78.6,0.7,0.9,0.1,0,0.7,0
Ruben Patterson,24,6,2.7,41.2,0,16.7,0.9,71,1.3,0.1,0.2,0.1,0.5,1
Nazr Mohammed,26,4.7,1.6,35.7,0,0,0.5,57.1,1.4,0.1,0.2,0.1,0.5,1
Keith Van Horn,62,37.5,19.7,42.6,1.1,30.8,4.2,84.6,6.6,1.7,1,0.4,2.6,1
Ron Mercer,80,33.3,15.3,45,0,10.7,2.4,83.9,3.5,2.2,1.6,0.2,1.6,1
Brevin Knight,80,31,9,44.1,0,0,2.5,80.1,3.2,8.2,2.5,0.2,2.4,1
Cedric Henderson,82,30.8,10.1,48,0,0,1.7,71.6,4,2,1.2,0.6,2,1
Cedric Henderson,82,30.8,10.1,48,0,0,1.7,71.6,4,2,1.2,0.6,2,0
Bobby Jackson,68,30,11.6,39.2,0.3,25.9,2.2,81.4,4.4,4.7,1.5,0.2,2.7,1
Zach LaVine,77,24.7,10.1,42.2,0.7,34.1,1.9,84.2,2.8,3.6,0.7,0.1,2.5,0
Anthony Johnson,77,29.4,7.5,37.1,0.5,32.8,1,72.7,2.2,4.3,0.8,0.1,1.6,1
Derek Anderson,66,27.9,11.7,40.8,0.3,20.2,4.2,87.3,2.8,3.4,1.3,0.2,1.9,1
Chauncey Billups,80,27.7,11.2,37.4,1.3,32.9,2.8,85,2.4,3.9,1.3,0.1,2.2,1
Antonio Daniels,74,26.4,7.8,41.6,0.1,21.2,1.5,65.9,1.9,4.5,0.7,0.1,2.2,1
Eric Washington,66,23.3,7.7,40.4,0.7,32.1,1,78.3,1.9,1.2,0.8,0.4,1.1,0
Tony Battie,65,23.2,8.4,44.6,0,21.4,1.1,70.2,5.4,0.9,0.8,1.1,1.5,1
Tim Thomas,77,23.1,11,44.7,0.8,36.3,2.2,74,3.7,1.2,0.7,0.2,1.5,1
Danny Fortson,80,22.6,10.2,45.2,0,33.3,3.3,77.6,5.6,1,0.6,0.4,2,1
Maurice Taylor,71,21.3,11.5,47.6,0,0,2.4,70.9,4.2,0.7,0.5,0.6,1.5,1
Lawrence Funderburke,52,21,9.5,49,0,14.3,2.1,67.9,4.5,1.2,0.4,0.3,1.2,1
Alvin Williams,54,19.8,6,44.3,0.2,32.1,1.2,72.2,1.5,1.9,0.7,0.1,1.1,1
Rodrick Rhodes,58,18.4,5.8,36.7,0,25,1.9,61.7,1.2,1.9,1.1,0.2,1.7,0
Tracy McGrady,64,18.4,7,45,0.2,34.1,1.2,71.2,4.2,1.5,0.8,0.9,1,1
Rick Brunson,38,16.4,4.3,34.8,0.6,36.1,1.1,67.7,1.5,2.6,0.7,0.1,1.4,1
Jerald Honeycutt,38,13.9,6.4,40.7,0.8,37.7,0.9,62.1,2.4,0.9,0.5,0.2,1.3,0
Kelvin Cato,74,13.6,3.8,42.8,0,0,1.2,68.8,3.4,0.3,0.4,1.3,0.6,1
Domantas Sabonis,34,21.1,6.4,43.9,1,39.8,0.1,57.1,3.6,1.3,0.6,0.5,1.1,0
Adreian Payne,32,23.1,6.7,41.4,0,11.1,0.9,65.2,5.1,0.9,0.6,0.3,1.4,0
Keith Closs,58,12.8,4,44.9,0,0,0.8,59.7,2.9,0.3,0.2,1.4,0.7,0
Kevin Ollie,35,12.3,3.5,37.8,0,0,1.4,70,1.1,1.9,0.4,0,1.3,1
Bubba Wells,39,10.1,3.3,41.4,0,16.7,0.8,72.1,1.7,0.9,0.4,0.1,0.8,0
John Thomas,54,9.9,2.8,48.7,0,0,0.8,75.9,2,0.3,0.4,0.2,0.8,1
Travis Williams,39,9.4,3.5,47.1,0,0,0.6,52.2,2.4,0.5,0.5,0.1,0.8,0
Jacque Vaughn,45,9.3,3.1,36.1,0.1,37.5,1.1,70.6,0.8,1.9,0.2,0,1.2,1
Chris Garner,38,7.7,1.4,32.9,0.1,28.6,0.1,42.9,0.6,1.2,0.6,0.1,0.7,0
Chris Crawford,40,6.4,3.8,41.8,0,33.3,1.4,83.8,1,0.2,0.3,0.2,0.5,1
Anthony Parker,37,5.3,1.9,39.7,0.2,32.1,0.4,65,0.7,0.5,0.3,0.1,0.3,1
Allen Iverson*,76,40.1,23.5,41.6,2,34.1,5,70.2,4.1,7.5,2.1,0.3,4.4,1
Kerry Kittles,82,36.7,16.4,42.6,1.9,37.7,2.1,77.1,3.9,3,1.9,0.4,1.6,1
Antoine Walker,82,36.2,17.5,42.5,0.6,32.7,2.8,63.1,9,3.2,1.3,0.7,2.8,1
Shareef Abdur-Rahim,80,35,18.7,45.3,0.1,25.9,4.8,74.6,6.9,2.2,1,1,2.8,1
Stephon Marbury,67,34.7,15.8,40.8,1.5,35.4,3.7,72.7,2.7,7.8,1,0.3,3.1,1
Ray Allen,82,30.9,13.4,43,1.4,39.3,2.5,82.3,4,2.6,0.9,0.1,1.8,1
Marcus Camby,63,30.1,14.8,48.2,0,14.3,2.9,69.3,6.3,1.5,1.1,2.1,2.1,1
Matt Maloney,82,29.1,9.4,44.1,1.9,40.4,0.9,76.3,2,3.7,1,0,1.5,1
Lorenzen Wright,77,25.1,7.3,48.1,0,25,1.1,58.7,6.1,0.6,0.6,0.8,1,1
K.J. McDaniels,62,21.8,7.9,39.6,0.7,28.7,1.6,75.2,3.2,1.2,0.7,1.1,1.7,0
Dean Garrett,68,24.5,8,57.3,0,0,1.4,69.6,7.3,0.6,0.6,1.4,0.5,1
Chris Robinson,41,16.6,4.6,37.9,0.8,38.2,0.4,61.5,1.7,1.6,0.7,0.2,0.8,0
Shandon Anderson,65,16.4,5.9,46.2,0.4,51.1,1,68.7,2.8,0.8,0.4,0.1,1.1,1
Travis Knight,71,16.3,4.8,50.9,0,0,0.9,62,4.5,0.5,0.4,0.8,0.7,1
Kobe Bryant,71,15.5,7.6,41.7,0.7,37.5,1.9,81.9,1.9,1.3,0.7,0.3,1.6,1
Randy Livingston,64,15.3,3.9,43.7,0.1,40.9,0.7,64.6,1.5,2.4,0.6,0.2,1.6,1
Othella Harrington,57,15.1,4.8,54.9,0,0,0.9,60.5,3.5,0.3,0.2,0.4,1,1
Erick Dampier,72,14.6,5.1,39,0,100,1.5,63.7,4.1,0.6,0.3,1,1.2,1
Rodney Hood,50,21.3,8.7,41.4,1.2,36.5,1.2,76.3,2.3,1.7,0.6,0.2,0.9,0
Tony Delk,61,14.2,5.4,46.5,0.9,46.4,0.7,82.4,1.6,1.6,0.6,0.1,1.1,1
Samaki Walker,43,14,5,44.4,0,0,1.1,64.9,3.4,0.4,0.3,0.5,0.9,1
Todd Fuller,75,12.7,4.1,42.9,0,0,1,69.1,3.3,0.3,0.1,0.3,0.7,1
John Wallace,68,11.6,4.8,51.7,0,50,1.2,71.8,2.3,0.5,0.3,0.4,1.1,1
Derek Fisher,80,11.5,3.9,39.7,0.3,30.1,1,65.8,1.2,1.5,0.5,0.1,0.9,1
Ray Owes,57,10.4,3.1,41.7,0,20,0.5,56.5,2.9,0.3,0.3,0.3,0.4,0
Jermaine O'Neal,45,10.2,4.1,45.1,0,0,1,60.3,2.8,0.2,0,0.6,0.6,1
Malik Rose,54,9.7,3,47.7,0,0,0.7,61.3,3,0.6,0.5,0.3,0.8,1
Brett Szabo,70,9.5,2.2,44.6,0,0,0.6,73.8,2.4,0.2,0.2,0.5,0.6,0
Jerami Grant,65,21.2,6.3,35.2,0.8,31.4,1.8,59.1,3,1.2,0.6,1.1,1.3,0
Darvin Ham,36,8.8,2.3,53.2,0,0,0.5,48.6,1.6,0.4,0.3,0.2,0.6,1
Steve Hamer,35,7.7,2.2,52.6,0,0,0.5,55.2,1.7,0.2,0.1,0.1,0.4,0
Walter McCarty,35,5.5,1.8,38.2,0.1,28.6,0.2,57.1,0.7,0.4,0.2,0.3,0.5,1
Priest Lauderdale,35,5.1,3.2,55.1,0,0,0.4,56.5,1.2,0.3,0,0.3,1.1,0
Damon Stoudamire,70,40.9,19,42.6,1.9,39.5,3.4,79.7,4,9.3,1.4,0.3,3.8,1
Michael Finley,82,39.2,15,47.6,0.7,32.8,3,74.9,4.6,3.5,1,0.4,1.6,1
Jerry Stackhouse,72,37.5,19.2,41.4,1.3,31.8,5.4,74.7,3.7,3.9,1.1,1.1,3.5,1
Joe Smith,82,34.4,15.3,45.8,0.1,35.7,3.7,77.3,8.7,1,1,1.6,1.7,1
Bryant Reeves,77,31.9,13.3,45.7,0,0,2.8,73.2,7.4,1.4,0.6,0.7,2,1
Tyus Edney,80,31,10.8,41.2,0.7,36.8,2.5,78.2,2.5,6.1,1.1,0,2.4,0
Antonio McDyess,76,30,13.4,48.5,0,0,2.2,68.3,7.5,1,0.7,1.5,2,1
Kevin Garnett,80,28.7,10.4,49.1,0.1,28.6,1.3,70.5,6.3,1.8,1.1,1.6,1.4,1
Rasheed Wallace,65,27.5,10.1,48.7,0.4,32.9,1.2,65,4.7,1.3,0.7,0.8,1.6,1
Brent Barry,79,24,10.1,47.4,1.6,41.6,1.4,81,2.1,2.9,1.2,0.3,1.5,1
Eric Williams,64,23,10.7,44.1,0,30,3.1,67.1,3.4,1.1,0.9,0.2,1.4,1
Kurt Thomas,74,22.4,9,50.1,0,0,1.6,66.3,5.9,0.6,0.6,0.5,1.3,1
Ashraf Amaya,54,20.4,6.3,48,0,0,1.8,65.1,5.6,0.6,0.4,0.2,1.1,0
Alan Henderson,79,17.9,6.4,44.2,0,0,1.5,59.5,4.5,0.6,0.6,0.5,1.1,1
Gary Trent,69,17.7,7.5,51.3,0,0,1.1,55.3,3.4,0.7,0.4,0.2,1.3,1
Loren Meyer,72,17.6,5,43.9,0,27.3,1,68.6,4.4,0.8,0.3,0.4,0.9,0
Theo Ratliff,75,17.4,4.5,55.7,0,0,1.1,70.8,4,0.2,0.2,1.6,0.8,1
Anthony Goldwire,42,14.8,5.5,40.2,0.8,39.8,1.1,76.7,1,2.7,0.4,0,1.5,1
Bob Sura,79,14.6,5.3,41.1,0.3,34.6,1.3,70.2,1.7,2.9,0.7,0.3,1.5,1
Don Reid,69,14.4,3.8,56.7,0,0,0.7,66.2,2.9,0.2,0.7,0.6,0.6,1
Jimmy King,62,14,4.5,43.1,0.1,14.7,0.9,70.1,1.8,1.4,0.3,0.2,1,0
Shawn Respert,62,13.6,4.9,38.7,0.7,34.4,0.6,83.3,1.2,1.1,0.5,0.1,0.7,0
Shabazz Napier,51,19.8,5.1,38.2,0.8,36.4,0.9,78.6,2.2,2.5,0.8,0.1,1.6,0
Cherokee Parks,64,13.6,3.9,40.9,0.1,26.9,0.6,66.1,3.4,0.5,0.4,0.5,0.5,1
Lawrence Moten,44,13,6.6,45.3,0.4,32.7,1.1,65.3,1.4,1.1,0.7,0.2,1,0
Greg Ostertag,57,11.6,3.6,47.3,0,0,0.6,66.7,3.1,0.1,0.1,1.1,0.4,1
Corliss Williamson,53,11.5,5.6,46.6,0,0,0.9,56,2.2,0.4,0.2,0.2,1.4,1
Terrence Rencher,36,11.3,2.9,33,0.3,31,0.9,67.4,1.2,1.5,0.4,0.1,1.2,0
Chris Carr,60,9.8,4,41.5,0.2,26.2,0.8,81.7,1.7,0.7,0.2,0.1,0.7,1
Travis Best,59,9.7,3.7,42.3,0.1,32,1.3,83.3,0.7,1.6,0.3,0.1,1.1,1
Jason Caffey,57,9.6,3.2,43.8,0,0,0.7,58.8,1.9,0.4,0.2,0.1,0.8,1
Elijah Millsap,47,19.7,5.3,34,0.6,31.1,1.2,67.4,3.2,1.2,1.2,0.3,1.4,0
Eric Snow,43,9,2.7,42,0,20,0.7,59.2,1,1.7,0.7,0,0.9,1
Jerome Allen,41,8.8,2.6,34.3,0.2,30.3,0.6,72.2,0.6,1.2,0.5,0.1,0.8,0
Junior Burrough,61,8.1,3.1,37.6,0,0,1,65.6,1.8,0.2,0.3,0.2,0.7,0
Lou Roe,49,7.6,1.8,35.6,0,22.2,0.5,75,1.6,0.3,0.2,0.2,0.3,0
Marques Bragg,53,7,2.5,45,0,0,0.4,56.1,1.5,0.2,0.3,0.1,0.5,0
Todd Mundt,33,4.6,1.1,39,0,0,0.2,62.5,0.8,0.1,0.1,0.1,0.1,0
Grant Hill,70,38.3,19.9,47.7,0.1,14.8,5.3,73.2,6.4,5,1.8,0.9,2.9,1
Glenn Robinson,80,37,21.9,45.1,1.1,32.1,5,79.6,6.4,2.5,1.4,0.3,3.9,0
Glenn Robinson,80,37,21.9,45.1,1.1,32.1,5,79.6,6.4,2.5,1.4,0.3,3.9,1
Juwan Howard,65,36.1,17,48.9,0,0,3,66.4,8.4,2.5,0.8,0.2,2.5,1
Tarik Black,63,19,6,57.5,0,0,1,55.1,5.8,0.7,0.3,0.4,0.8,0
Jason Kidd,79,33.8,11.7,38.5,0.9,27.2,2.4,69.8,5.4,7.7,1.9,0.3,3.2,1
Lamond Murray,81,31.6,14.1,40.2,0.8,29.8,2.5,75.4,4.4,1.6,0.9,0.7,2,1
Eddie Jones,64,31,14,46,1.4,37,1.9,72.2,3.9,2,2,0.6,1.2,1
Eric Montross,78,29.7,10,53.4,0,0,2.1,63.5,7.3,0.5,0.4,0.8,1.4,1
Donyell Marshall,72,29,12.6,39.4,1,28.4,2,66.2,5.6,1.5,0.6,1.2,1.6,1
Brian Grant,80,28.6,13.2,51.1,0,25,2.9,63.6,7.5,1.2,0.6,1.4,2,1
Sharone Wright,79,25.9,11.4,46.5,0,0,2.3,64.5,6,0.6,0.5,1.3,1.9,0
Wesley Person,78,23.1,10.4,48.4,1.5,43.6,1,79.2,2.6,1.3,0.6,0.3,1,1
Clifford Rozier,66,22.6,6.8,48.5,0,28.6,1,44.7,7.4,0.7,0.5,0.6,1.4,0
Jalen Rose,81,22.2,8.2,45.4,0.4,31.6,2.1,73.9,2.7,4.8,0.8,0.3,2,1
Tyler Johnson,32,18.8,5.9,41.9,0.6,37.5,1,68.1,2.5,1.3,1,0.3,0.9,0
Khalid Reeves,67,21.8,9.2,44.3,1,39.2,2.1,71.4,2.8,4.3,1.1,0.1,2,1
Chris Childs,53,19.3,5.8,38,0.8,32.8,1,75.3,1.3,4.1,0.8,0.1,1.4,1
Aaron McKie,45,18.4,6.5,44.4,0.2,39.3,1.1,68.5,2.9,2,0.8,0.4,0.9,1
Ryan Lorthridge,37,18.2,7.4,47.5,0.1,21.4,1.5,64.8,1.9,2.7,0.8,0,1.5,0
Derrick Alston,64,16.1,4.7,46.5,0,0,0.9,49.2,3.4,0.5,0.6,0.6,0.8,0
Anthony Tucker,62,15.8,3.9,45.7,0,0,0.8,61.4,2.7,1.1,0.7,0.2,0.9,0
Greg Minor,63,15,6,51.5,0,16.7,1,83.3,2.2,1,0.5,0.3,0.7,1
Eric Piatkowski,81,14.9,7,44.1,0.9,37.4,1.1,78.3,1.6,1,0.5,0.2,0.8,1
B.J. Tyler,55,14.7,3.5,38.1,0.3,31.4,0.6,70,1.1,3.2,0.7,0,1.8,0
Eric Mobley,46,12.8,3.9,59.1,0,100,0.5,48.9,3.3,0.5,0.2,0.6,0.5,0
Monty Williams,41,12.3,3.3,45.1,0,0,0.4,44.7,2.4,1.2,0.5,0.1,1,1
Anthony Miller,46,11.5,4.1,53,0,40,1,61.8,3.3,0.8,0.4,0.1,0.8,1
Howard Eisley,49,11.3,2.4,32.8,0.2,24.3,0.6,77.5,1,1.9,0.4,0.1,1,1
Bill Curley,53,11.2,2.7,43.3,0,0,0.5,75,2.3,0.5,0.4,0.4,0.5,1
Jamie Watson,60,11.2,3.3,50,0.1,26.3,0.6,67.9,1.2,1,0.6,0.2,0.8,0
Tony Dumas,58,10.6,4.6,38.4,0.4,30.1,0.9,64.9,1.1,1,0.2,0.1,0.9,0
Dickey Simpkins,59,9.9,3.5,42.4,0,0,0.8,69.4,2.6,0.6,0.2,0.1,0.8,1
Jim McIlvaine,55,9.7,1.7,47.9,0,0,0.5,68.3,1.9,0.2,0.2,1.1,0.3,1
Dwayne Morton,41,9.6,4.1,38.8,0.2,36,1.4,68.2,1.4,0.4,0.3,0.4,0.7,0
Darrin Hancock,46,9.2,3.3,56.2,0,33.3,0.3,41,1.2,0.7,0.4,0.1,0.7,0
Tim Breaux,42,8.1,3,37.2,0.1,24,0.8,65.3,0.8,0.4,0.3,0.1,0.4,0
Trevor Ruffin,49,6.5,4.8,42.6,0.8,38.4,0.6,71.1,0.5,1,0.3,0,1,0
Brooks Thompson,38,6.5,3.1,39.5,0.5,31,0.2,66.7,0.6,1.1,0.3,0.1,0.7,0
Anfernee Hardaway,82,36.8,16,46.6,0.6,26.7,3,74.2,5.4,6.6,2.3,0.6,3.6,1
Jamal Mashburn,79,36.7,19.2,40.6,1.1,28.4,3.9,69.9,4.5,3.4,1.1,0.2,3.1,1
Nick Van Exel,81,33.3,13.6,39.4,1.5,33.8,1.9,78.1,2.9,5.8,1.1,0.1,1.8,1
Chris Webber,76,32.1,17.5,55.2,0,0,2.5,53.2,9.1,3.6,1.2,2.2,2.7,1
Aaron Gordon,47,17,5.2,44.7,0.3,27.1,0.9,72.1,3.6,0.7,0.5,0.5,0.8,0
Vin Baker,82,31.2,13.5,50.1,0,20,2.9,56.9,7.6,2,0.7,1.4,2,1
Isaiah Rider,79,30.6,16.6,46.8,0.7,36,2.7,81.1,4,2.6,0.7,0.3,2.8,1
Lindsey Hunter,82,26.5,10.3,37.5,0.8,33.3,1.3,73.2,2.3,4.8,1.5,0.1,2.2,1
Chris Mills,79,25.6,9.4,41.9,0.5,31.1,1.7,77.8,5.1,1.6,0.7,0.6,1.1,1
George Lynch,71,24.8,9.6,50.8,0,0,1.4,59.6,5.8,1.4,1.4,0.4,1.2,1
P.J. Brown,79,24.7,5.7,41.5,0,16.7,1.5,75.7,6.2,1.2,0.9,1.2,0.9,1
Calbert Cheaney,65,24.7,12,47,0,4.3,1.9,77,2.9,1.9,1,0.1,1.7,1
Bo Outlaw,37,23.5,6.9,58.7,0,0,1.6,59.2,5.7,1,1,1,0.8,1
Popeye Jones,81,21.9,5.8,47.9,0,0,1,72.9,7.5,1.2,0.8,0.4,1.2,1
Antonio Davis,81,21.4,7.7,50.8,0,0,2.4,64.2,6.2,0.7,0.6,1,1.3,1
Allan Houston,79,19.2,8.5,40.5,0.4,29.9,1.1,82.4,1.5,1.3,0.4,0.2,1.3,1
Harold Ellis,49,18.8,8.7,54.5,0,0,2.2,71.1,3.1,0.6,1.5,0,0.9,0
Rodney Rogers,79,17.8,8.1,43.9,0.4,38,1.6,67.2,2.9,1.3,0.8,0.6,1.7,1
Mitchell Butler,75,17.6,6.9,49.5,0,0,1.4,57.8,3,1,0.7,0.3,1.2,1
Sam Cassell,66,17,6.7,41.8,0.4,29.5,1.4,84.1,2,2.9,0.9,0.1,1.4,1
Bryon Russell,67,16.7,5,48.4,0,9.1,0.9,61.4,2.7,0.8,1,0.3,0.8,1
Darren Morningstar,23,16,4.2,47.6,0,0,0.8,60,3.5,0.7,0.6,0.1,0.8,0
Markel Brown,47,16.6,4.6,36.2,0.4,26.6,1,82.5,2.3,0.8,0.7,0.3,0.6,0
Acie Earl,74,15.5,5.5,40.6,0,0,1.5,67.5,3.3,0.2,0.3,0.7,1,0
Lucious Harris,77,15.1,5.4,42.1,0.1,21.2,1.1,73.1,2,1.4,0.6,0.1,1,1
Scott Burrell,51,15,4.8,41.9,0,33.3,0.9,65.7,2.6,1.2,0.7,0.3,0.9,1
Warren Kidd,68,13,3.6,59.2,0,0,0.7,54.7,3.4,0.3,0.3,0.3,0.7,0
Greg Graham,70,12.7,4.8,40,0,8,1.3,83.6,1.2,0.9,0.9,0.1,0.9,1
Mike Peplowski,55,12.1,3.2,53.9,0,0,0.4,54.5,3.1,0.4,0.3,0.5,0.6,0
Terry Dehere,64,11.9,5.3,37.7,0.4,40.4,1,75.3,1.1,1.2,0.4,0.1,0.9,1
James Robinson,58,11.6,4.8,36.5,0.4,31.5,0.8,67.2,1.3,1.2,0.5,0.3,0.9,1
Corie Blount,67,10.3,3,43.7,0,0,0.7,61.3,2.9,0.8,0.3,0.5,0.8,1
Cleanthony Early,39,16.6,5.4,35.5,0.6,26.2,0.9,75,2.5,0.9,0.6,0.3,1,0
David Wesley,60,9,3.1,36.8,0.2,23.4,0.7,83,0.7,2.1,0.6,0.1,0.9,1
Chris Whitney,40,8.5,1.8,30.5,0.3,33.3,0.3,80,0.7,1.3,0.3,0,0.9,1
Rex Walters,48,8,3.4,52.2,0.3,50,0.6,82.4,0.8,1.5,0.3,0.1,0.6,1
Darnell Mee,38,7.5,1.9,31.8,0.1,20.8,0.3,44.4,0.9,0.4,0.4,0.3,0.5,0
Josh Grant,53,7.2,3,40.4,0.3,27.9,0.4,75.9,1.7,0.5,0.3,0.1,0.6,0
Ervin Johnson,45,6.2,2.6,41.5,0,0,0.6,63,2.6,0.2,0.2,0.5,0.5,1
Brian Davis,68,5.5,1.9,31.7,0,33.3,0.7,73.5,0.8,0.3,0.2,0.1,0.3,0
Eric Riley,47,4.7,1.9,48.6,0,0,0.4,54.1,1.3,0.2,0.1,0.2,0.3,1
Shaquille O'Neal*,81,37.9,23.4,56.2,0,0,5.3,59.2,13.9,1.9,0.7,3.5,3.8,1
Latrell Sprewell,77,35.6,15.4,46.4,0.9,36.9,2.7,74.6,3.5,3.8,1.6,0.7,2.6,1
Christian Laettner,81,34.9,18.2,47.4,0,10,5.7,83.5,8.7,2.8,1.3,1,3.4,1
Tom Gugliotta,81,34.5,14.7,42.6,0.5,28.1,2.2,64.4,9.6,3.8,1.6,0.4,2.8,1
Alonzo Mourning*,78,33.9,21,51.1,0,0,6.3,78.1,10.3,1,0.3,3.5,3,1
LaPhonso Ellis,82,33.5,14.7,50.4,0,15.4,2.9,74.8,9.1,1.8,0.9,1.4,1.9,1
Clarence Weatherspoon,82,32.4,15.6,46.9,0,25,3.5,71.3,7.2,1.8,1,0.8,2.1,1
Robert Horry,79,29.5,10.1,47.4,0.2,25.5,1.8,71.5,5,2.4,1,1.1,2,1
Sean Rooks,72,29,13.5,49.3,0,0,3.3,60.2,7.4,1.3,0.5,1.1,2.2,1
Walt Williams,59,28.4,17,43.5,1,31.9,3.8,74.2,4.5,3,1.1,0.5,3,1
Anthony Avent,82,27.9,9.8,43.3,0,0,1.4,65.1,6.2,1.1,0.7,0.9,1.7,1
Richard Dumas,48,27.5,15.8,52.4,0,33.3,3.2,70.7,4.6,1.3,1.8,0.8,1.9,0
Todd Day,71,27.2,13.8,43.2,0.8,29.3,3,71.7,4.1,1.6,1.1,0.7,1.7,1
Bryant Stith,39,22.2,8.9,44.6,0,0,2.5,83.2,3.2,1.3,0.6,0.1,1.1,1
Doug Overton,45,22,8.1,47.1,0.1,23.1,1.3,72.8,2.4,3.5,0.7,0.1,1.6,1
Anthony Peeler,77,21.5,10.4,46.8,0.6,39,2.1,78.6,2.3,2.2,0.8,0.2,1.6,1
Walter Bond,74,21.3,8,40.2,0.1,16.7,1.7,77.2,2.6,1.6,1,0.2,1.5,0
Andre Spencer,20,21.1,9.4,44.8,0,0,2.1,75.9,4.1,1.2,0.8,0.3,1.3,0
Lloyd Daniels,77,20.4,9.1,44.3,0.8,33.3,0.9,72.7,2.8,1.9,0.5,0.4,1.3,1
Oliver Miller,56,19.1,5.6,47.5,0,0,1.3,71,4.9,2.1,0.7,1.8,1.9,1
Harold Miner,73,18.9,10.3,47.5,0,33.3,2.2,76.2,2,1,0.5,0.1,1.3,0
T.J. Warren,40,15.4,6.1,52.8,0.1,23.8,0.4,73.7,2.1,0.6,0.5,0.2,0.7,0
Adam Keefe,82,18.9,6.6,50,0,0,2,70,5.3,1,0.7,0.2,1.2,1
Lee Mayberry,82,18.3,5.2,45.6,0.5,39.1,0.5,57.4,1.4,3.3,0.7,0.1,1,1
Hubert Davis,50,16.3,5.4,43.8,0.1,31.6,0.9,79.6,1.1,1.7,0.4,0.1,0.9,1
Byron Houston,79,16.1,5.3,44.6,0,28.6,1.6,66.5,4,0.9,0.6,0.5,1.1,0
Chris Smith,80,15.8,4.3,43.3,0,14.3,1.2,79.2,1.2,2.5,0.6,0.2,0.8,0
Chris Smith,80,15.8,4.3,43.3,0,14.3,1.2,79.2,1.2,2.5,0.6,0.2,0.8,0
Brent Price,68,12.6,3.9,35.8,0.1,16.7,0.8,79.4,1.5,2.3,0.8,0,1.3,1
Marlon Maxey,43,12.1,5.4,55,0,0,1,64.3,3.8,0.3,0.3,0.4,0.9,0
Litterial Green,52,12,4.5,43.9,0,10,1.2,62.5,0.7,2.2,0.4,0.1,0.8,1
Jon Barry,47,11.7,4.4,36.9,0.4,33.3,0.7,67.3,0.9,1.4,0.7,0.1,0.9,1
